case,method,min_interval,max_interval,nominal_min_rate,nominal_max_rate,n_total,n_sampled,sample_ratio,max_gap,mean_gap,p95_gap,nrmse_mean,correlation,peak_recall_top1,peak_recall_top2,peak_recall_top5,peak_recall_top10,peak_recall_top20
redis_tx_bytes,omniflow,20,20,0.05,0.05,1604068,80204,0.050000374048980466,20,20.0,20.0,0.017215008193132833,0.20681501993993373,0.047506234413965086,0.04900096630404289,0.04981110432278094,0.04988591449197661,0.05007278383357283
redis_tx_bytes,huang_wavelet_rate_inspired,20,20,0.05,0.05,1604068,100254,0.062499844146258136,35,16.000189520513104,21.0,0.017581680194707516,0.21717244648546646,0.06290523690773067,0.061064181291106884,0.06134433874044612,0.06131316783661459,0.06205795899792091
redis_tx_bytes,magalhaes_truncated_exponential_inspired,20,20,0.05,0.05,1604068,80204,0.050000374048980466,20,20.0,20.0,0.017215008193132833,0.20681501993993373,0.047506234413965086,0.04900096630404289,0.04981110432278094,0.04988591449197661,0.05007278383357283
redis_tx_bytes,fixed_slow_boundary,20,20,0.05,0.05,1604068,80204,0.050000374048980466,20,20.0,20.0,0.017215008193132833,0.20681501993993373,0.047506234413965086,0.04900096630404289,0.04981110432278094,0.04988591449197661,0.05007278383357283
redis_tx_bytes,omniflow,19,20,0.05,0.05263157894736842,1604068,84248,0.05252146417732914,20,19.039823376500053,19.0,0.017387861247003603,0.21405448004278002,0.05249376558603491,0.05345843334060659,0.05190578906025959,0.05250427041382492,0.05273477072313154
redis_tx_bytes,huang_wavelet_rate_inspired,19,20,0.05,0.05263157894736842,1604068,100254,0.062499844146258136,35,16.000189520513104,21.0,0.017581680194707516,0.21717244648546646,0.06290523690773067,0.061064181291106884,0.06134433874044612,0.06131316783661459,0.06205795899792091
redis_tx_bytes,magalhaes_truncated_exponential_inspired,19,20,0.05,0.05263157894736842,1604068,81996,0.05111753367064239,20,19.562827001646443,20.0,0.01714373491371485,0.2132409708643191,0.0493142144638404,0.04859574202799165,0.050459459122476714,0.05059037691856913,0.05109830337299299
redis_tx_bytes,fixed_slow_boundary,19,20,0.05,0.05263157894736842,1604068,80204,0.050000374048980466,20,20.0,20.0,0.017215008193132833,0.20681501993993373,0.047506234413965086,0.04900096630404289,0.04981110432278094,0.04988591449197661,0.05007278383357283
redis_tx_bytes,fixed_fast_boundary,19,20,0.05,0.05263157894736842,1604068,84425,0.05263180862656695,19,19.0,19.0,0.017483561544722664,0.21705584505426373,0.051932668329177055,0.05271032698481967,0.05240452352156403,0.052591548944553194,0.05245735054377472
redis_tx_bytes,omniflow,18,20,0.05,0.05555555555555555,1604068,88652,0.05526698369395811,20,18.094088053152248,19.0,0.017656467817652798,0.2119515093418944,0.057356608478802994,0.05673139864717434,0.05583332294303205,0.056107626896749495,0.055702231518049455
redis_tx_bytes,huang_wavelet_rate_inspired,18,20,0.05,0.05555555555555555,1604068,100254,0.062499844146258136,35,16.000189520513104,21.0,0.017581680194707516,0.21717244648546646,0.06290523690773067,0.061064181291106884,0.06134433874044612,0.06131316783661459,0.06205795899792091
redis_tx_bytes,magalhaes_truncated_exponential_inspired,18,20,0.05,0.05555555555555555,1604068,83869,0.052285189904667385,20,19.126031382648925,20.0,0.017276279516226966,0.2174675396504162,0.04993765586034913,0.05009195473956547,0.05017268680722666,0.051357181152824706,0.052532160479781057
redis_tx_bytes,fixed_slow_boundary,18,20,0.05,0.05555555555555555,1604068,80204,0.050000374048980466,20,20.0,20.0,0.017215008193132833,0.20681501993993373,0.047506234413965086,0.04900096630404289,0.04981110432278094,0.04988591449197661,0.05007278383357283
redis_tx_bytes,fixed_fast_boundary,18,20,0.05,0.05555555555555555,1604068,89115,0.05555562482388527,18,18.0,18.0,0.01769715760505411,0.21512864376829297,0.05592269326683292,0.054829961659549266,0.05503534780494495,0.055926835654526635,0.055752104808720344
redis_tx_bytes,omniflow,17,20,0.05,0.058823529411764705,1604068,93448,0.05825688187782563,20,17.165494879450385,18.0,0.01721928550408982,0.2224888348838272,0.057356608478802994,0.056980767432436644,0.05821477999576076,0.0589441791454185,0.058654106909632714
redis_tx_bytes,huang_wavelet_rate_inspired,17,20,0.05,0.058823529411764705,1604068,100255,0.06250046756122558,21,16.000029923993058,21.0,0.017581680194707516,0.21717244648546646,0.06290523690773067,0.061064181291106884,0.06134433874044612,0.06131316783661459,0.06205795899792091
redis_tx_bytes,magalhaes_truncated_exponential_inspired,17,20,0.05,0.058823529411764705,1604068,85897,0.05354947545864639,20,18.67442022911428,20.0,0.017283912946493955,0.22116926182036703,0.04744389027431421,0.04850222873351828,0.05102053539144421,0.052273605725471614,0.05458319955862138
redis_tx_bytes,fixed_slow_boundary,17,20,0.05,0.058823529411764705,1604068,80204,0.050000374048980466,20,20.0,20.0,0.017215008193132833,0.20681501993993373,0.047506234413965086,0.04900096630404289,0.04981110432278094,0.04988591449197661,0.05007278383357283
redis_tx_bytes,fixed_fast_boundary,17,20,0.05,0.058823529411764705,1604068,94357,0.05882356608323338,17,17.0,17.0,0.01735247865167111,0.21677897281851835,0.05829177057356608,0.0586640067329572,0.05969851501814147,0.05869481191476628,0.058968932056992704
redis_tx_bytes,omniflow,16,20,0.05,0.0625,1604068,98851,0.061625192946932424,20,16.227212948912495,17.0,0.01715116486546489,0.22992408270943515,0.06408977556109725,0.06299678937688975,0.06224206077079411,0.06263481415907135,0.06201743694925081
redis_tx_bytes,huang_wavelet_rate_inspired,16,20,0.05,0.0625,1604068,100255,0.06250046756122558,21,16.000029923993058,21.0,0.017581680194707516,0.21717244648546646,0.06290523690773067,0.061064181291106884,0.06134433874044612,0.06131316783661459,0.06205795899792091
redis_tx_bytes,magalhaes_truncated_exponential_inspired,16,20,0.05,0.0625,1604068,87881,0.05478633075405781,20,18.25275375512062,20.0,0.01728563841825787,0.22038606461855256,0.05087281795511222,0.05130762756771921,0.05493560091268406,0.05573981023153747,0.05612303740808509
redis_tx_bytes,fixed_slow_boundary,16,20,0.05,0.0625,1604068,80204,0.050000374048980466,20,20.0,20.0,0.017215008193132833,0.20681501993993373,0.047506234413965086,0.04900096630404289,0.04981110432278094,0.04988591449197661,0.05007278383357283
redis_tx_bytes,fixed_fast_boundary,16,20,0.05,0.0625,1604068,100255,0.06250046756122558,16,16.0,16.0,0.017365559171598554,0.2260914317451833,0.06153366583541147,0.06327732926030984,0.0644988342081967,0.06252883308604416,0.06260033103396682
redis_tx_bytes,omniflow,15,20,0.05,0.06666666666666667,1604068,104771,0.06531580955420843,20,15.310279660208074,17.0,0.016939155661368794,0.24001521366514156,0.06558603491271821,0.06686200554845548,0.06549630313080558,0.06651247459571338,0.06639693528628828
redis_tx_bytes,huang_wavelet_rate_inspired,15,20,0.05,0.06666666666666667,1604068,125318,0.07812511689030639,18,12.80007500977521,16.0,0.017487363167944164,0.24693112176365545,0.0766209476309227,0.07789657429631246,0.07897460194755807,0.077646721444335,0.07807663654527716
redis_tx_bytes,magalhaes_truncated_exponential_inspired,15,20,0.05,0.06666666666666667,1604068,89626,0.055874189872249805,20,17.897405857740587,20.0,0.01719219376223746,0.22531100983545183,0.058541147132169576,0.05564041021165176,0.05710509581935838,0.056288418138972354,0.05634123305477023
redis_tx_bytes,fixed_slow_boundary,15,20,0.05,0.06666666666666667,1604068,80204,0.050000374048980466,20,20.0,20.0,0.017215008193132833,0.20681501993993373,0.047506234413965086,0.04900096630404289,0.04981110432278094,0.04988591449197661,0.05007278383357283
redis_tx_bytes,fixed_fast_boundary,15,20,0.05,0.06666666666666667,1604068,106938,0.06666674978866233,15,15.0,15.0,0.017006009555170207,0.23953034462943054,0.06751870324189527,0.06695551884292883,0.06705484832238195,0.06640025934191988,0.06668682378831282
redis_tx_bytes,omniflow,14,20,0.05,0.07142857142857142,1604068,111497,0.06950889862524531,20,14.386623735380642,16.0,0.017161875930713846,0.2491685546974084,0.06876558603491272,0.06988560206976092,0.07055845791304564,0.07114447090507836,0.07113178081935582
redis_tx_bytes,huang_wavelet_rate_inspired,14,20,0.05,0.07142857142857142,1604068,125318,0.07812511689030639,18,12.80007500977521,16.0,0.017487363167944164,0.24693112176365545,0.0766209476309227,0.07789657429631246,0.07897460194755807,0.077646721444335,0.07807663654527716
redis_tx_bytes,magalhaes_truncated_exponential_inspired,14,20,0.05,0.07142857142857142,1604068,91742,0.057193335943363996,20,17.484723297108165,20.0,0.017004900258926155,0.2285583963794575,0.05629675810473816,0.05607680558586079,0.05658142463498872,0.05747914666533671,0.058024456614912734
redis_tx_bytes,fixed_slow_boundary,14,20,0.05,0.07142857142857142,1604068,80204,0.050000374048980466,20,20.0,20.0,0.017215008193132833,0.20681501993993373,0.047506234413965086,0.04900096630404289,0.04981110432278094,0.04988591449197661,0.05007278383357283
redis_tx_bytes,fixed_fast_boundary,14,20,0.05,0.07142857142857142,1604068,114577,0.07142901672497674,14,14.0,14.0,0.016748856881819204,0.25269554083081835,0.0699501246882793,0.071787039057386,0.07129409124346969,0.07159956610101867,0.0713749131113764
redis_tx_bytes,omniflow,13,20,0.05,0.07692307692307693,1604068,119198,0.07430981728954134,20,13.457243051419079,15.0,0.017300050906779493,0.2480289773842901,0.07468827930174564,0.07443658240079798,0.07567048614141615,0.07599466354126404,0.07629366640379287
redis_tx_bytes,huang_wavelet_rate_inspired,13,20,0.05,0.07692307692307693,1604068,125318,0.07812511689030639,18,12.80007500977521,16.0,0.017487363167944164,0.24693112176365545,0.0766209476309227,0.07789657429631246,0.07897460194755807,0.077646721444335,0.07807663654527716
redis_tx_bytes,magalhaes_truncated_exponential_inspired,13,20,0.05,0.07692307692307693,1604068,93924,0.058553627402329576,20,17.078532414850464,20.0,0.01696124827268786,0.23755468166648155,0.05592269326683292,0.0542065396963935,0.05835193197261948,0.05870104609553259,0.06017524227509484
redis_tx_bytes,fixed_slow_boundary,13,20,0.05,0.07692307692307693,1604068,80204,0.050000374048980466,20,20.0,20.0,0.017215008193132833,0.20681501993993373,0.047506234413965086,0.04900096630404289,0.04981110432278094,0.04988591449197661,0.05007278383357283
redis_tx_bytes,fixed_fast_boundary,13,20,0.05,0.07692307692307693,1604068,123390,0.07692317283307191,13,13.0,13.0,0.017416573891745,0.24963857816209292,0.07711970074812968,0.07633801938842305,0.07712928444073164,0.07668665760632395,0.07681110179450334
redis_tx_bytes,omniflow,12,20,0.05,0.08333333333333333,1604068,128006,0.07980085632279928,20,12.531260497636811,15.0,0.01724152416785644,0.25420983587578966,0.07886533665835412,0.08073314422867117,0.08156802114634117,0.08211662905377605,0.08286447244968252
redis_tx_bytes,huang_wavelet_rate_inspired,12,20,0.05,0.08333333333333333,1604068,150381,0.0937497662193872,18,10.666757547546217,13.0,0.01692266264385884,0.26807367592719755,0.09413965087281795,0.09313924129547084,0.09125593805717991,0.09173596997618542,0.09324123398989442
redis_tx_bytes,magalhaes_truncated_exponential_inspired,12,20,0.05,0.08333333333333333,1604068,96401,0.06009782627669151,20,16.639502074688796,20.0,0.01672745390084297,0.23546569136468604,0.05392768079800499,0.05224276051245286,0.05806515965736943,0.06058376868695685,0.06256292606596366
redis_tx_bytes,fixed_slow_boundary,12,20,0.05,0.08333333333333333,1604068,80204,0.050000374048980466,20,20.0,20.0,0.017215008193132833,0.20681501993993373,0.047506234413965086,0.04900096630404289,0.04981110432278094,0.04988591449197661,0.05007278383357283
redis_tx_bytes,fixed_fast_boundary,12,20,0.05,0.08333333333333333,1604068,133673,0.08333374894331164,12,12.0,12.0,0.017450252143025174,0.2514348965502257,0.08360349127182044,0.08391259624076557,0.0844482126603743,0.08363776916075459,0.08334450287238983
redis_tx_bytes,omniflow,11,20,0.05,0.09090909090909091,1604068,138150,0.08612477775256411,20,11.611086580431273,14.0,0.017157940388405842,0.25964589808679817,0.08840399002493765,0.08777781241233129,0.09055770981135369,0.09014001970001122,0.0901397387262985
redis_tx_bytes,huang_wavelet_rate_inspired,11,20,0.05,0.09090909090909091,1604068,150382,0.09375038963435466,13,10.666686615995372,13.0,0.01692266264385884,0.26807367592719755,0.09413965087281795,0.09313924129547084,0.09125593805717991,0.09173596997618542,0.09324123398989442
redis_tx_bytes,magalhaes_truncated_exponential_inspired,11,20,0.05,0.09090909090909091,1604068,99094,0.061776682784021625,20,16.18730889164724,20.0,0.016503938563304073,0.25255612947547895,0.05405236907730673,0.055546896917178394,0.06266598506290288,0.06542772714237623,0.06730088867969815
redis_tx_bytes,fixed_slow_boundary,11,20,0.05,0.09090909090909091,1604068,80204,0.050000374048980466,20,20.0,20.0,0.017215008193132833,0.20681501993993373,0.047506234413965086,0.04900096630404289,0.04981110432278094,0.04988591449197661,0.05007278383357283
redis_tx_bytes,fixed_fast_boundary,11,20,0.05,0.09090909090909091,1604068,145825,0.09090948762770655,11,11.0,11.0,0.017582770578313246,0.2611338534632891,0.09407730673316708,0.09179888407468595,0.09268979963343017,0.09153024201089735,0.09073510113368224
redis_tx_bytes,omniflow,10,20,0.05,0.1,1604068,149954,0.09348356802828808,20,10.697111761685328,13.0,0.016560582809603833,0.26799836596554943,0.09389027431421447,0.09681743087808983,0.09726568831589841,0.09829432814233882,0.0982129776536487
redis_tx_bytes,huang_wavelet_rate_inspired,10,20,0.05,0.1,1604068,175445,0.10937503896343546,12,9.142900298670801,11.0,0.01680089702109105,0.2746138043316312,0.11047381546134663,0.10916118574857392,0.1083749984414548,0.108705410022069,0.10910405750390414
redis_tx_bytes,magalhaes_truncated_exponential_inspired,10,20,0.05,0.1,1604068,101334,0.06317313231109903,20,15.829591544709029,20.0,0.016396999141063535,0.2596080142847158,0.05567331670822943,0.05673139864717434,0.06587035397678391,0.06785282346046906,0.06961687961522756
redis_tx_bytes,fixed_slow_boundary,10,20,0.05,0.1,1604068,80204,0.050000374048980466,20,20.0,20.0,0.017215008193132833,0.20681501993993373,0.047506234413965086,0.04900096630404289,0.04981110432278094,0.04988591449197661,0.05007278383357283
redis_tx_bytes,fixed_fast_boundary,10,20,0.05,0.1,1604068,160407,0.10000012468299349,10,10.0,10.0,0.016558980679579994,0.2735420502495007,0.09800498753117207,0.09896823665097722,0.09999625949154022,0.0997406580801217,0.1003637633138308
redis_tx_bytes,omniflow,9,20,0.05,0.1111111111111111,1604068,163863,0.10215464681048435,20,9.789121333805275,13.0,0.016427111194681526,0.279168945936651,0.10105985037406484,0.10302047941148966,0.10478411032006284,0.1070034786728676,0.1078665764791327
redis_tx_bytes,huang_wavelet_rate_inspired,9,20,0.05,0.1111111111111111,1604068,200508,0.12499968829251627,12,8.000054860927548,9.0,0.01655099407644986,0.303769971064898,0.12649625935162095,0.1254636700850971,0.12478336221837089,0.12462750769921324,0.12471751456455941
redis_tx_bytes,magalhaes_truncated_exponential_inspired,9,20,0.05,0.1111111111111111,1604068,104436,0.06510696554011426,20,15.35942931009719,20.0,0.01660647079896059,0.26072335876565417,0.06764339152119701,0.06636326797793086,0.07029662232086081,0.07203595875466005,0.07207002210010192
redis_tx_bytes,fixed_slow_boundary,9,20,0.05,0.1111111111111111,1604068,80204,0.050000374048980466,20,20.0,20.0,0.017215008193132833,0.20681501993993373,0.047506234413965086,0.04900096630404289,0.04981110432278094,0.04988591449197661,0.05007278383357283
redis_tx_bytes,fixed_fast_boundary,9,20,0.05,0.1111111111111111,1604068,178230,0.11111124964777054,9,9.0,9.0,0.01652142715028902,0.28327197821374084,0.11128428927680797,0.1100028053988342,0.11000835380222684,0.11129259504008578,0.1111176916147413
redis_tx_bytes,omniflow,8,20,0.05,0.125,1604068,180566,0.1125675470117227,20,8.883510093318195,12.0,0.016443881289323305,0.29297437555507294,0.11240648379052369,0.1147096412206602,0.11932221986708727,0.12102415121628866,0.12126690626626727
redis_tx_bytes,huang_wavelet_rate_inspired,8,20,0.05,0.125,1604068,200509,0.1250003117074837,9,8.000014961996529,9.0,0.01655099407644986,0.303769971064898,0.12649625935162095,0.1254636700850971,0.12478336221837089,0.12462750769921324,0.12471751456455941
redis_tx_bytes,magalhaes_truncated_exponential_inspired,8,20,0.05,0.125,1604068,108266,0.06749464486542965,20,14.816071675980234,20.0,0.016424633759102924,0.2645246683552188,0.07069825436408977,0.06667497895950875,0.07498472625712255,0.07578270139520965,0.07625002727445583
redis_tx_bytes,fixed_slow_boundary,8,20,0.05,0.125,1604068,80204,0.050000374048980466,20,20.0,20.0,0.017215008193132833,0.20681501993993373,0.047506234413965086,0.04900096630404289,0.04981110432278094,0.04988591449197661,0.05007278383357283
redis_tx_bytes,fixed_fast_boundary,8,20,0.05,0.125,1604068,200509,0.1250003117074837,8,8.0,8.0,0.016315935928290344,0.30516189670352994,0.12493765586034913,0.126804027305882,0.12692792040197998,0.12512624216051768,0.12516014001926357
redis_tx_bytes,omniflow,7,20,0.05,0.14285714285714285,1604068,200944,0.12527149721832243,20,7.982686632527632,11.0,0.016216698526836836,0.3171142212835066,0.12394014962593516,0.12527664349615036,0.133049885914492,0.1365846664089872,0.13710791021560848
redis_tx_bytes,huang_wavelet_rate_inspired,7,20,0.05,0.14285714285714285,1604068,250636,0.15625023378061279,7,6.400011969597223,7.0,0.016300229758043676,0.34395213946340125,0.15822942643391522,0.1561360306723606,0.1558669875191701,0.15511265164644714,0.15558596440917294
redis_tx_bytes,magalhaes_truncated_exponential_inspired,7,20,0.05,0.14285714285714285,1604068,111929,0.06977821389118168,20,14.331195053963262,20.0,0.016105826152928767,0.26829225574108584,0.056982543640897755,0.06044075932795112,0.07444858671122027,0.07711681607919903,0.07798624120593617
redis_tx_bytes,fixed_slow_boundary,7,20,0.05,0.14285714285714285,1604068,80204,0.050000374048980466,20,20.0,20.0,0.017215008193132833,0.20681501993993373,0.047506234413965086,0.04900096630404289,0.04981110432278094,0.04988591449197661,0.05007278383357283
redis_tx_bytes,fixed_fast_boundary,7,20,0.05,0.14285714285714285,1604068,229153,0.14285741003498606,7,7.0,7.0,0.016503235327051696,0.33863891219350983,0.1394638403990025,0.14101804806583335,0.14131640961061306,0.14264429011383614,0.14260955759274094
redis_tx_bytes,omniflow,6,20,0.05,0.16666666666666666,1604068,227417,0.14177516165150106,20,7.0534307172758295,10.0,0.016258648078347062,0.3335959538249528,0.1382793017456359,0.13958417755057512,0.15160280787501715,0.15582958243457226,0.15623120010722757
redis_tx_bytes,huang_wavelet_rate_inspired,6,20,0.05,0.16666666666666666,1604068,275699,0.1718748831096936,7,5.8182032513837605,7.0,0.016140200633349203,0.36660970391776077,0.17331670822942644,0.17271905489230385,0.16999364113561838,0.17022430582397166,0.17167010065053473
redis_tx_bytes,magalhaes_truncated_exponential_inspired,6,20,0.05,0.16666666666666666,1604068,115155,0.07178935057616011,20,13.929694148705211,20.0,0.016338796862590564,0.2745255536594772,0.06577306733167082,0.065459306131355,0.07700460082540553,0.08022143810081916,0.08188882620093325
redis_tx_bytes,fixed_slow_boundary,6,20,0.05,0.16666666666666666,1604068,80204,0.050000374048980466,20,20.0,20.0,0.017215008193132833,0.20681501993993373,0.047506234413965086,0.04900096630404289,0.04981110432278094,0.04988591449197661,0.05007278383357283
redis_tx_bytes,fixed_fast_boundary,6,20,0.05,0.16666666666666666,1604068,267345,0.16666687447165582,6,6.0,6.0,0.01625765036565093,0.36375624053671596,0.16864089775561097,0.16741996820547989,0.16751243719062878,0.16680174058326996,0.1669788942468042
redis_tx_bytes,omniflow,5,20,0.05,0.2,1604068,259788,0.1619557275626719,20,6.1745044979156,10.0,0.015613912623382435,0.36604165629491603,0.1541147132169576,0.15965836476419065,0.17733750607832624,0.18221886961834347,0.18460910249896356
redis_tx_bytes,huang_wavelet_rate_inspired,5,20,0.05,0.2,1604068,325827,0.20312542859779012,6,4.923078575681498,6.0,0.015446358948490117,0.42625250541808757,0.20305486284289276,0.20314204669430505,0.2035709387429398,0.2028041345086842,0.20312144457986428
redis_tx_bytes,magalhaes_truncated_exponential_inspired,5,20,0.05,0.2,1604068,119360,0.07441081051426747,20,13.438994964770147,20.0,0.01608138378913778,0.2810578439669172,0.06533665835411472,0.06636326797793086,0.08116903357729761,0.0843359974065808,0.08604077764928479
redis_tx_bytes,fixed_slow_boundary,5,20,0.05,0.2,1604068,80204,0.050000374048980466,20,20.0,20.0,0.017215008193132833,0.20681501993993373,0.047506234413965086,0.04900096630404289,0.04981110432278094,0.04988591449197661,0.05007278383357283
redis_tx_bytes,fixed_fast_boundary,5,20,0.05,0.2,1604068,320814,0.20000024936598698,5,5.0,5.0,0.015335410225157067,0.42843336485564976,0.19943890274314213,0.1992768305227393,0.19981796192162388,0.1996184681371021,0.20019138875294953
redis_tx_bytes,omniflow,4,20,0.05,0.25,1604068,304995,0.19013844799597024,20,5.2592805104362705,9.0,0.015335549561636503,0.38850138600158485,0.17649625935162094,0.19104766060908326,0.21272271610787627,0.22242933556101394,0.22531505892841
redis_tx_bytes,huang_wavelet_rate_inspired,4,20,0.05,0.25,1604068,401017,0.25,5,4.000007480998264,5.0,0.014680904605869015,0.47895504449486276,0.24962593516209478,0.24877653439730682,0.2474595713377305,0.24792090071443712,0.24951919030712597
redis_tx_bytes,magalhaes_truncated_exponential_inspired,4,20,0.05,0.25,1604068,125404,0.07817873057750668,20,12.791280910345048,20.0,0.015738938294565238,0.2885495004548468,0.06197007481296758,0.06321498706399427,0.0825156166228196,0.08919242422353278,0.09171386446309844
redis_tx_bytes,fixed_slow_boundary,4,20,0.05,0.25,1604068,80204,0.050000374048980466,20,20.0,20.0,0.017215008193132833,0.20681501993993373,0.047506234413965086,0.04900096630404289,0.04981110432278094,0.04988591449197661,0.05007278383357283
redis_tx_bytes,fixed_fast_boundary,4,20,0.05,0.25,1604068,401017,0.25,4,4.0,4.0,0.014558179836588605,0.4896607610294323,0.24875311720698254,0.24968049624388267,0.2513995735820356,0.2500716930788125,0.24925112136976993
redis_tx_bytes,omniflow,3,20,0.05,0.3333333333333333,1604068,366867,0.22871037886174403,20,4.372323954795484,8.0,0.014732346418308343,0.4327196949438465,0.21253117206982544,0.2252423552881768,0.26351882099173346,0.2783499370347743,0.2808676705744468
redis_tx_bytes,huang_wavelet_rate_inspired,3,20,0.05,0.3333333333333333,1604068,548171,0.34173800611944133,5,2.9262217925096228,3.0,0.013131964831903428,0.5932335934537952,0.3481296758104738,0.3425080265577756,0.3440519681308679,0.3430170941236612,0.343496055334416
redis_tx_bytes,magalhaes_truncated_exponential_inspired,3,20,0.05,0.3333333333333333,1604068,133472,0.08320844253485513,20,12.017988926433457,20.0,0.015722304468926043,0.290970539307192,0.06783042394014963,0.06873227143792275,0.09172973579541913,0.09835043576923556,0.10027336797448981
redis_tx_bytes,fixed_slow_boundary,3,20,0.05,0.3333333333333333,1604068,80204,0.050000374048980466,20,20.0,20.0,0.017215008193132833,0.20681501993993373,0.047506234413965086,0.04900096630404289,0.04981110432278094,0.04988591449197661,0.05007278383357283
redis_tx_bytes,fixed_fast_boundary,3,20,0.05,0.3333333333333333,1604068,534690,0.33333374894331164,3,3.0,3.0,0.01330252162202223,0.5836105516777178,0.3375311720698254,0.33459056762569744,0.3342892410508335,0.33354737353964314,0.3335556850875744
redis_tx_bytes,omniflow,2,20,0.05,0.5,1604068,458528,0.28585321819274495,20,3.4982978101616697,8.0,0.013913153092114132,0.49583454520968606,0.27618453865336656,0.2906081481250584,0.35640811440968545,0.38059050160218444,0.37616929488518236
redis_tx_bytes,huang_wavelet_rate_inspired,2,20,0.05,0.5,1604068,791971,0.49372657518259827,5,2.0254138414333878,2.0,0.01168980759477415,0.6872226103042001,0.5010598503740649,0.5003584676288145,0.5008665511265165,0.4998628480231413,0.4995339964402939
redis_tx_bytes,magalhaes_truncated_exponential_inspired,2,20,0.05,0.5,1604068,140571,0.0876340653887491,20,11.41111901543715,20.0,0.015741411756403798,0.2945432466433064,0.06826683291770573,0.07119478819238802,0.09616847250102864,0.10543246511975861,0.1074582389117648
redis_tx_bytes,fixed_slow_boundary,2,20,0.05,0.5,1604068,80204,0.050000374048980466,20,20.0,20.0,0.017215008193132833,0.20681501993993373,0.047506234413965086,0.04900096630404289,0.04981110432278094,0.04988591449197661,0.05007278383357283
redis_tx_bytes,fixed_fast_boundary,2,20,0.05,0.5,1604068,802034,0.5,2,2.0,2.0,0.011649583988379272,0.6888046392684053,0.5016209476309227,0.5010442317882859,0.5003802850267446,0.4995885440694238,0.4995869868116317
redis_tx_bytes,omniflow,1,20,0.05,1.0,1604068,615923,0.3839756169937933,20,2.6043086624605065,7.0,0.012868788953211538,0.5811345194810548,0.36783042394014964,0.4009538356036283,0.5561762028851789,0.5925962869219356,0.5574181844251948
redis_tx_bytes,huang_wavelet_rate_inspired,1,20,0.05,1.0,1604068,1415648,0.8825361518339622,5,1.1330981522936157,2.0,0.00463479509815134,0.9548787174347123,0.8529925187032419,0.8763442536080546,0.9130705833946361,0.912640424921761,0.9267361360044637
redis_tx_bytes,magalhaes_truncated_exponential_inspired,1,20,0.05,1.0,1604068,154827,0.09652146916464888,20,10.360430418663531,20.0,0.015773207802588198,0.29851494009397556,0.07113466334164588,0.07318973847448645,0.10657955438075882,0.11781978230240764,0.1190381935894119
redis_tx_bytes,fixed_slow_boundary,1,20,0.05,1.0,1604068,80204,0.050000374048980466,20,20.0,20.0,0.017215008193132833,0.20681501993993373,0.047506234413965086,0.04900096630404289,0.04981110432278094,0.04988591449197661,0.05007278383357283
redis_tx_bytes,fixed_fast_boundary,1,20,0.05,1.0,1604068,1604068,1.0,1,1.0,1.0,0.0,1.0,1.0,1.0,1.0,1.0,1.0
websearch_involuntary_ctx_switches,omniflow,20,20,0.05,0.05,1007614,50381,0.05000029773306048,20,20.0,20.0,0.07887230700990926,0.41797231940745533,0.05150853513298928,0.049920603414053195,0.050595474394601034,0.04965214716011155,0.049875447841922965
websearch_involuntary_ctx_switches,huang_wavelet_rate_inspired,20,20,0.05,0.05,1007614,62976,0.06250012405544186,21,16.000206431123463,21.0,0.07507994706994009,0.4816008400247892,0.05954743946010321,0.059398570861452955,0.06184994045256054,0.06239517273548297,0.06216194757892438
websearch_involuntary_ctx_switches,magalhaes_truncated_exponential_inspired,20,20,0.05,0.05,1007614,50381,0.05000029773306048,20,20.0,20.0,0.07887230700990926,0.41797231940745533,0.05150853513298928,0.049920603414053195,0.050595474394601034,0.04965214716011155,0.049875447841922965
websearch_involuntary_ctx_switches,fixed_slow_boundary,20,20,0.05,0.05,1007614,50381,0.05000029773306048,20,20.0,20.0,0.07887230700990926,0.41797231940745533,0.05150853513298928,0.049920603414053195,0.050595474394601034,0.04965214716011155,0.049875447841922965
websearch_involuntary_ctx_switches,omniflow,19,20,0.05,0.05263157894736842,1007614,52630,0.05223230324310699,20,19.145281118774818,20.0,0.07687574877401848,0.44183354374913286,0.05418816990869393,0.05339420404922588,0.05315601429138547,0.052530244836792014,0.05251535812467125
websearch_involuntary_ctx_switches,huang_wavelet_rate_inspired,19,20,0.05,0.05263157894736842,1007614,62976,0.06250012405544186,21,16.000206431123463,21.0,0.07507994706994009,0.4816008400247892,0.05954743946010321,0.059398570861452955,0.06184994045256054,0.06239517273548297,0.06216194757892438
websearch_involuntary_ctx_switches,magalhaes_truncated_exponential_inspired,19,20,0.05,0.05263157894736842,1007614,51366,0.05097785461496168,20,19.61662610727149,20.0,0.0772117942855907,0.4394944947418378,0.053096466851925365,0.05145891226677253,0.05134974196109567,0.05121028969541787,0.051379005766119826
websearch_involuntary_ctx_switches,fixed_slow_boundary,19,20,0.05,0.05263157894736842,1007614,50381,0.05000029773306048,20,20.0,20.0,0.07887230700990926,0.41797231940745533,0.05150853513298928,0.049920603414053195,0.050595474394601034,0.04965214716011155,0.049875447841922965
websearch_involuntary_ctx_switches,fixed_fast_boundary,19,20,0.05,0.05263157894736842,1007614,53033,0.05263225798768179,19,19.0,19.0,0.07673534187962613,0.44397339937194963,0.05269948392219134,0.05334458118300913,0.05256053989678444,0.05256994273578071,0.052416113377199515
websearch_involuntary_ctx_switches,omniflow,18,20,0.05,0.05555555555555555,1007614,55048,0.05463203171055583,20,18.304594255817754,20.0,0.07605882931175029,0.4576724723650247,0.05448590710599444,0.05582572449384676,0.055597459309249704,0.0559343396750727,0.05548277607407628
websearch_involuntary_ctx_switches,huang_wavelet_rate_inspired,18,20,0.05,0.05555555555555555,1007614,62976,0.06250012405544186,21,16.000206431123463,21.0,0.07507994706994009,0.4816008400247892,0.05954743946010321,0.059398570861452955,0.06184994045256054,0.06239517273548297,0.06216194757892438
websearch_involuntary_ctx_switches,magalhaes_truncated_exponential_inspired,18,20,0.05,0.05555555555555555,1007614,52391,0.05199510923825989,20,19.232639816758923,20.0,0.07695044118360843,0.44035128359159353,0.053691941246526396,0.05215363239380707,0.05313616514489877,0.052907374877184624,0.05277835670547136
websearch_involuntary_ctx_switches,fixed_slow_boundary,18,20,0.05,0.05555555555555555,1007614,50381,0.05000029773306048,20,20.0,20.0,0.07887230700990926,0.41797231940745533,0.05150853513298928,0.049920603414053195,0.050595474394601034,0.04965214716011155,0.049875447841922965
websearch_involuntary_ctx_switches,fixed_fast_boundary,18,20,0.05,0.05555555555555555,1007614,55979,0.05555599664157108,18,18.0,18.0,0.07605435514281358,0.4508440886792301,0.056768558951965066,0.05582572449384676,0.05539896784438269,0.05528924881650639,0.05546788936195552
websearch_involuntary_ctx_switches,omniflow,17,20,0.05,0.058823529411764705,1007614,57679,0.057243150650943715,20,17.469624466867785,20.0,0.0753368173596541,0.4602175890273682,0.058257244938467644,0.059348947995236205,0.058852719333068675,0.05838568493762468,0.058867021962862615
websearch_involuntary_ctx_switches,huang_wavelet_rate_inspired,17,20,0.05,0.058823529411764705,1007614,62976,0.06250012405544186,21,16.000206431123463,21.0,0.07507994706994009,0.4816008400247892,0.05954743946010321,0.059398570861452955,0.06184994045256054,0.06239517273548297,0.06216194757892438
websearch_involuntary_ctx_switches,magalhaes_truncated_exponential_inspired,17,20,0.05,0.058823529411764705,1007614,53453,0.053049084272350326,20,18.85078201002769,20.0,0.07549999613405027,0.45300287797026106,0.04843191742755062,0.051756649464073046,0.054922588328701866,0.05430672581653616,0.05386012445291333
websearch_involuntary_ctx_switches,fixed_slow_boundary,17,20,0.05,0.058823529411764705,1007614,50381,0.05000029773306048,20,20.0,20.0,0.07887230700990926,0.41797231940745533,0.05150853513298928,0.049920603414053195,0.050595474394601034,0.04965214716011155,0.049875447841922965
websearch_involuntary_ctx_switches,fixed_fast_boundary,17,20,0.05,0.058823529411764705,1007614,59272,0.058824113202079364,17,17.0,17.0,0.07509401853661025,0.47100047392740574,0.06391425168717745,0.06014291385470425,0.059329098848749505,0.059308661089111855,0.05894145552346642
websearch_involuntary_ctx_switches,omniflow,16,20,0.05,0.0625,1007614,60626,0.06016788174836793,20,16.620272164948453,20.0,0.07325023967068614,0.4895577199854168,0.06232631996824137,0.06252481143310838,0.06184994045256054,0.06217683429104515,0.06201804269509036
websearch_involuntary_ctx_switches,huang_wavelet_rate_inspired,16,20,0.05,0.0625,1007614,62976,0.06250012405544186,21,16.000206431123463,21.0,0.07507994706994009,0.4816008400247892,0.05954743946010321,0.059398570861452955,0.06184994045256054,0.06239517273548297,0.06216194757892438
websearch_involuntary_ctx_switches,magalhaes_truncated_exponential_inspired,16,20,0.05,0.0625,1007614,54577,0.054164590805606115,20,18.46240105540897,20.0,0.07550043595136555,0.46039986707784786,0.05140928940055577,0.054982135768161966,0.056887653830885274,0.05602365994779726,0.05546788936195552
websearch_involuntary_ctx_switches,fixed_slow_boundary,16,20,0.05,0.0625,1007614,50381,0.05000029773306048,20,20.0,20.0,0.07887230700990926,0.41797231940745533,0.05150853513298928,0.049920603414053195,0.050595474394601034,0.04965214716011155,0.049875447841922965
websearch_involuntary_ctx_switches,fixed_fast_boundary,16,20,0.05,0.0625,1007614,62976,0.06250012405544186,16,16.0,16.0,0.07333804487239676,0.48876995478325763,0.065005954743946,0.06436085748312823,0.06321953156014291,0.062266154563769716,0.0625738132809321
websearch_involuntary_ctx_switches,omniflow,15,20,0.05,0.06666666666666667,1007614,63909,0.06342607387352697,20,15.766429867935157,20.0,0.07265397218763602,0.4999080603532902,0.0666931321953156,0.06594878920206432,0.06581976974990075,0.06554123123033713,0.06588362560911463
websearch_involuntary_ctx_switches,huang_wavelet_rate_inspired,15,20,0.05,0.06666666666666667,1007614,78720,0.07812515506930233,16,12.80012449345139,16.0,0.07059094263269605,0.5444740035749169,0.07979356887653831,0.07795752282651847,0.07838427947598253,0.07829418128045573,0.07798156032591975
websearch_involuntary_ctx_switches,magalhaes_truncated_exponential_inspired,15,20,0.05,0.06666666666666667,1007614,55782,0.055360485265190836,20,18.063587960058083,20.0,0.07470576069742776,0.47100216828684227,0.04872965462485113,0.05443628423977769,0.05976578007145693,0.05828644019015294,0.05731880390230347
websearch_involuntary_ctx_switches,fixed_slow_boundary,15,20,0.05,0.06666666666666667,1007614,50381,0.05000029773306048,20,20.0,20.0,0.07887230700990926,0.41797231940745533,0.05150853513298928,0.049920603414053195,0.050595474394601034,0.04965214716011155,0.049875447841922965
websearch_involuntary_ctx_switches,fixed_fast_boundary,15,20,0.05,0.06666666666666667,1007614,67175,0.06666739445859228,15,15.0,15.0,0.07262516349698171,0.503217343116236,0.06589916633584755,0.06545256053989679,0.06691147280666931,0.06619624656365061,0.06644435843232997
websearch_involuntary_ctx_switches,omniflow,14,20,0.05,0.07142857142857142,1007614,67594,0.06708322829972589,20,14.906943026644772,20.0,0.07143955926398941,0.5190756299643433,0.07105994442238983,0.06967050416832077,0.07105994442238983,0.07083097627058088,0.07019084764938816
websearch_involuntary_ctx_switches,huang_wavelet_rate_inspired,14,20,0.05,0.07142857142857142,1007614,78720,0.07812515506930233,16,12.80012449345139,16.0,0.07059094263269605,0.5444740035749169,0.07979356887653831,0.07795752282651847,0.07838427947598253,0.07829418128045573,0.07798156032591975
websearch_involuntary_ctx_switches,magalhaes_truncated_exponential_inspired,14,20,0.05,0.07142857142857142,1007614,56964,0.05653355352347228,20,17.68860488387199,20.0,0.07364977068665376,0.4875626400765476,0.05021834061135371,0.055428741564112746,0.061750694720127036,0.060936274947648396,0.059660979942636534
websearch_involuntary_ctx_switches,fixed_slow_boundary,14,20,0.05,0.07142857142857142,1007614,50381,0.05000029773306048,20,20.0,20.0,0.07887230700990926,0.41797231940745533,0.05150853513298928,0.049920603414053195,0.050595474394601034,0.04965214716011155,0.049875447841922965
websearch_involuntary_ctx_switches,fixed_fast_boundary,14,20,0.05,0.07142857142857142,1007614,71973,0.07142913853916281,14,14.0,14.0,0.07182142718735278,0.5139643357346547,0.07354108773322747,0.07115919015482335,0.07167526796347758,0.07192266849277001,0.07111878603824892
websearch_involuntary_ctx_switches,omniflow,13,20,0.05,0.07692307692307693,1007614,71876,0.07133287151627508,20,14.018810434782608,20.0,0.07060100978477009,0.5353383724282528,0.0778086542278682,0.07433505359269552,0.07520841603811036,0.0755947241492244,0.07581802483103582
websearch_involuntary_ctx_switches,huang_wavelet_rate_inspired,13,20,0.05,0.07692307692307693,1007614,78720,0.07812515506930233,16,12.80012449345139,16.0,0.07059094263269605,0.5444740035749169,0.07979356887653831,0.07795752282651847,0.07838427947598253,0.07829418128045573,0.07798156032591975
websearch_involuntary_ctx_switches,magalhaes_truncated_exponential_inspired,13,20,0.05,0.07692307692307693,1007614,58262,0.057821745231805034,20,17.294605310585126,20.0,0.07331965769754732,0.4902614442648105,0.05329495831679238,0.060639142516871775,0.0650258038904327,0.06389376842230625,0.061283631563799484
websearch_involuntary_ctx_switches,fixed_slow_boundary,13,20,0.05,0.07692307692307693,1007614,50381,0.05000029773306048,20,20.0,20.0,0.07887230700990926,0.41797231940745533,0.05150853513298928,0.049920603414053195,0.050595474394601034,0.04965214716011155,0.049875447841922965
websearch_involuntary_ctx_switches,fixed_fast_boundary,13,20,0.05,0.07692307692307693,1007614,77509,0.07692330594850806,13,13.0,13.0,0.06968180921710841,0.5495164948078087,0.07731242556570067,0.0779078999603017,0.07637951568082572,0.0771230932602892,0.07659213386131539
websearch_involuntary_ctx_switches,omniflow,12,20,0.05,0.08333333333333333,1007614,76742,0.07616210175722052,20,13.12980023716136,20.0,0.06850527241671006,0.564489134644113,0.07919809448193728,0.07979356887653831,0.08036919412465264,0.08115243000764184,0.08130625936622304
websearch_involuntary_ctx_switches,huang_wavelet_rate_inspired,12,20,0.05,0.08333333333333333,1007614,94464,0.0937501860831628,13,10.6667478271916,13.0,0.06708411655204917,0.5952512522520246,0.09031361651448988,0.09110758237395793,0.09352917824533545,0.09403439822947371,0.09371185280019055
websearch_involuntary_ctx_switches,magalhaes_truncated_exponential_inspired,12,20,0.05,0.08333333333333333,1007614,59652,0.0592012417453509,20,16.89151900219611,20.0,0.07264878895555205,0.5025609098252748,0.056768558951965066,0.06257443429932513,0.06875744342993251,0.06762537092724367,0.06416172924047994
websearch_involuntary_ctx_switches,fixed_slow_boundary,12,20,0.05,0.08333333333333333,1007614,50381,0.05000029773306048,20,20.0,20.0,0.07887230700990926,0.41797231940745533,0.05150853513298928,0.049920603414053195,0.050595474394601034,0.04965214716011155,0.049875447841922965
websearch_involuntary_ctx_switches,fixed_fast_boundary,12,20,0.05,0.08333333333333333,1007614,83968,0.08333349874058915,12,12.0,12.0,0.06788410074370893,0.5788624808138663,0.08068678046843986,0.08162961492655815,0.08378324732036523,0.08236321592679707,0.0830430424469785
websearch_involuntary_ctx_switches,omniflow,11,20,0.05,0.09090909090909091,1007614,82298,0.08167611803726427,20,12.24356902438728,20.0,0.06752474090418384,0.5821877237421017,0.08654227868201668,0.08569868995633188,0.08541087733227472,0.08666051349232341,0.08711207709331983
websearch_involuntary_ctx_switches,huang_wavelet_rate_inspired,11,20,0.05,0.09090909090909091,1007614,94464,0.0937501860831628,13,10.6667478271916,13.0,0.06708411655204917,0.5952512522520246,0.09031361651448988,0.09110758237395793,0.09352917824533545,0.09403439822947371,0.09371185280019055
websearch_involuntary_ctx_switches,magalhaes_truncated_exponential_inspired,11,20,0.05,0.09090909090909091,1007614,60843,0.06038324199544667,20,16.561059794221098,20.0,0.07213088658175312,0.5152471820995861,0.05776101627630012,0.06594878920206432,0.0739976181024216,0.07176387689681524,0.06654360317980171
websearch_involuntary_ctx_switches,fixed_slow_boundary,11,20,0.05,0.09090909090909091,1007614,50381,0.05000029773306048,20,20.0,20.0,0.07887230700990926,0.41797231940745533,0.05150853513298928,0.049920603414053195,0.050595474394601034,0.04965214716011155,0.049875447841922965
websearch_involuntary_ctx_switches,fixed_fast_boundary,11,20,0.05,0.09090909090909091,1007614,91602,0.09090981268620722,11,11.0,11.0,0.06640097467411339,0.6003988873577283,0.09011512504962287,0.09110758237395793,0.08991663358475585,0.09117614950228758,0.0908684907851252
websearch_involuntary_ctx_switches,omniflow,10,20,0.05,0.1,1007614,88826,0.08815478943325519,20,11.343653250773993,20.0,0.06578857065757043,0.604714898187553,0.08822945613338626,0.0906113537117904,0.09341008336641525,0.0953742023203422,0.0950665436031798
websearch_involuntary_ctx_switches,huang_wavelet_rate_inspired,10,20,0.05,0.1,1007614,110208,0.10937521709702326,11,9.142912882121825,11.0,0.06375786610824348,0.6416500788887272,0.10450575625248114,0.10639142516871775,0.10891226677252878,0.10908982642093668,0.1090799019461895
websearch_involuntary_ctx_switches,magalhaes_truncated_exponential_inspired,10,20,0.05,0.1,1007614,62342,0.061870914854299366,20,16.162878362554338,20.0,0.07079959941646609,0.534121087827019,0.059944422389837236,0.06847955537911869,0.07860262008733625,0.07546570597751114,0.06897013725548576
websearch_involuntary_ctx_switches,fixed_slow_boundary,10,20,0.05,0.1,1007614,50381,0.05000029773306048,20,20.0,20.0,0.07887230700990926,0.41797231940745533,0.05150853513298928,0.049920603414053195,0.050595474394601034,0.04965214716011155,0.049875447841922965
websearch_involuntary_ctx_switches,fixed_fast_boundary,10,20,0.05,0.1,1007614,100762,0.10000059546612096,10,10.0,10.0,0.06423474176459265,0.6305744417359495,0.09964271536323938,0.09835252084160381,0.10033743549027392,0.09935391669395897,0.09958217961314397
websearch_involuntary_ctx_switches,omniflow,9,20,0.05,0.1111111111111111,1007614,96640,0.09590974321515977,20,10.426411697140907,20.0,0.0647587488200714,0.6208981327421594,0.09855101230647083,0.09989082969432314,0.10285827709408496,0.10425660721906294,0.10482230227965185
websearch_involuntary_ctx_switches,huang_wavelet_rate_inspired,9,20,0.05,0.1111111111111111,1007614,125951,0.1249992556673488,11,8.000103215561731,9.0,0.06095320597550132,0.6769758028115995,0.12058356490670902,0.12241961095672886,0.12540690750297737,0.1255743789759927,0.12497891049116225
websearch_involuntary_ctx_switches,magalhaes_truncated_exponential_inspired,9,20,0.05,0.1111111111111111,1007614,64542,0.06405429063113455,20,15.611719682062565,20.0,0.0704255138878355,0.5401042456721862,0.06073838824930528,0.07135768161969035,0.08215561730845573,0.07948511825011662,0.0721558936493286
websearch_involuntary_ctx_switches,fixed_slow_boundary,9,20,0.05,0.1111111111111111,1007614,50381,0.05000029773306048,20,20.0,20.0,0.07887230700990926,0.41797231940745533,0.05150853513298928,0.049920603414053195,0.050595474394601034,0.04965214716011155,0.049875447841922965
websearch_involuntary_ctx_switches,fixed_fast_boundary,9,20,0.05,0.1111111111111111,1007614,111958,0.11111199328314215,9,9.0,9.0,0.062124860675368314,0.661425932975746,0.11284239777689559,0.1119988090512108,0.11071853910281858,0.1105685731582656,0.11090104306229592
websearch_involuntary_ctx_switches,omniflow,8,20,0.05,0.125,1007614,106035,0.10523375022578091,20,9.502555783993813,20.0,0.06300909276299367,0.6448600121200386,0.1093687971417229,0.10877332274712187,0.11381500595474395,0.11505443574398824,0.11539186788539217
websearch_involuntary_ctx_switches,huang_wavelet_rate_inspired,8,20,0.05,0.125,1007614,125952,0.12500024811088373,9,8.000039697977785,9.0,0.06095320597550132,0.6769758028115995,0.12058356490670902,0.12241961095672886,0.12540690750297737,0.1255743789759927,0.12497891049116225
websearch_involuntary_ctx_switches,magalhaes_truncated_exponential_inspired,8,20,0.05,0.125,1007614,67000,0.06649371683998039,20,15.039149838057284,20.0,0.07037913667478088,0.5371244221122959,0.06034140531957126,0.07200277888050814,0.08566891623660182,0.08425879060350731,0.07522255634620538
websearch_involuntary_ctx_switches,fixed_slow_boundary,8,20,0.05,0.125,1007614,50381,0.05000029773306048,20,20.0,20.0,0.07887230700990926,0.41797231940745533,0.05150853513298928,0.049920603414053195,0.050595474394601034,0.04965214716011155,0.049875447841922965
websearch_involuntary_ctx_switches,fixed_fast_boundary,8,20,0.05,0.125,1007614,125952,0.12500024811088373,8,8.0,8.0,0.060027005174080425,0.6876216317075756,0.12802699483922192,0.12767963477570465,0.1260222310440651,0.12382767142049007,0.12509800418812833
websearch_involuntary_ctx_switches,omniflow,7,20,0.05,0.14285714285714285,1007614,117448,0.11656050828988085,20,8.57926554105256,20.0,0.061316671141359344,0.6654975690989822,0.11959110758237396,0.1220722508932116,0.1275109170305677,0.13066563452129296,0.1292762080566886
websearch_involuntary_ctx_switches,huang_wavelet_rate_inspired,7,20,0.05,0.14285714285714285,1007614,157439,0.15624931769506975,8,6.400062246725695,7.0,0.05578946695675717,0.7366804489503096,0.15601429138547043,0.15472409686383484,0.15506153235410877,0.15626085489425473,0.15618145909627734
websearch_involuntary_ctx_switches,magalhaes_truncated_exponential_inspired,7,20,0.05,0.14285714285714285,1007614,69812,0.06928446806018972,20,14.433355774877885,20.0,0.06989316467897469,0.5423537753457589,0.05835649067090115,0.07393807066296149,0.0926558157999206,0.09024324887605323,0.07928166651779954
websearch_involuntary_ctx_switches,fixed_slow_boundary,7,20,0.05,0.14285714285714285,1007614,50381,0.05000029773306048,20,20.0,20.0,0.07887230700990926,0.41797231940745533,0.05150853513298928,0.049920603414053195,0.050595474394601034,0.04965214716011155,0.049875447841922965
websearch_involuntary_ctx_switches,fixed_fast_boundary,7,20,0.05,0.14285714285714285,1007614,143945,0.1428572846347907,7,7.0,7.0,0.05702061571572933,0.7217215032115196,0.14470027788805082,0.14033346566097657,0.14311234616911472,0.1432895663996983,0.14232193011184882
websearch_involuntary_ctx_switches,omniflow,6,20,0.05,0.16666666666666666,1007614,131804,0.1308080276772653,20,7.644742532415802,20.0,0.05957109765347882,0.687422546593645,0.12941643509329098,0.134229853116316,0.14335053592695515,0.1468723017834281,0.1453885928087256
websearch_involuntary_ctx_switches,huang_wavelet_rate_inspired,6,20,0.05,0.16666666666666666,1007614,173184,0.17187534115246514,7,5.818198091036649,7.0,0.05364335360208057,0.7598631897836802,0.17080190551806274,0.1687177451369591,0.17175466454942437,0.17159416837863856,0.1718025823483292
websearch_involuntary_ctx_switches,magalhaes_truncated_exponential_inspired,6,20,0.05,0.16666666666666666,1007614,72275,0.0717288564867102,20,13.94130669397017,20.0,0.06932788954783875,0.5532622251536251,0.06570067487098055,0.08088527193330687,0.10025803890432712,0.09794464127986026,0.08318694733081251
websearch_involuntary_ctx_switches,fixed_slow_boundary,6,20,0.05,0.16666666666666666,1007614,50381,0.05000029773306048,20,20.0,20.0,0.07887230700990926,0.41797231940745533,0.05150853513298928,0.049920603414053195,0.050595474394601034,0.04965214716011155,0.049875447841922965
websearch_involuntary_ctx_switches,fixed_fast_boundary,6,20,0.05,0.16666666666666666,1007614,167936,0.1666669974811783,6,6.0,6.0,0.053586019372542405,0.7585718011275145,0.16544263596665343,0.1654922588328702,0.1666137356093688,0.16578835065154177,0.16626968767677971
websearch_involuntary_ctx_switches,omniflow,5,20,0.05,0.2,1007614,150739,0.1495999460110717,20,6.684432591649086,15.0,0.05762019020038196,0.7091351455885768,0.1461889638745534,0.15025803890432712,0.16542278682016673,0.1706612677524042,0.16717281487877253
websearch_involuntary_ctx_switches,huang_wavelet_rate_inspired,5,20,0.05,0.2,1007614,204672,0.20312540318018607,6,4.923086319019304,6.0,0.049952695847978346,0.7938738430437186,0.19958316792377928,0.2001786423183803,0.20246129416435094,0.2031539980746519,0.20313911136253113
websearch_involuntary_ctx_switches,magalhaes_truncated_exponential_inspired,5,20,0.05,0.2,1007614,74935,0.0743687562896109,20,13.446566311687619,20.0,0.06896182190054934,0.5605122776654057,0.06679237792774911,0.08192735212385867,0.10786026200873362,0.10473298200692728,0.08666051349232341
websearch_involuntary_ctx_switches,fixed_slow_boundary,5,20,0.05,0.2,1007614,50381,0.05000029773306048,20,20.0,20.0,0.07887230700990926,0.41797231940745533,0.05150853513298928,0.049920603414053195,0.050595474394601034,0.04965214716011155,0.049875447841922965
websearch_involuntary_ctx_switches,fixed_fast_boundary,5,20,0.05,0.2,1007614,201523,0.20000019848870698,5,5.0,5.0,0.049936397345818895,0.7944011348416289,0.19878920206431122,0.19893807066296149,0.2000992457324335,0.1993033018727484,0.2000277885292921
websearch_involuntary_ctx_switches,omniflow,4,20,0.05,0.25,1007614,176285,0.17495290855426782,20,5.715788160014522,12.0,0.055386059417150794,0.7329703346633907,0.16216752679634774,0.17179436284239777,0.19569273521238587,0.2023203421958893,0.1975020097061363
websearch_involuntary_ctx_switches,huang_wavelet_rate_inspired,4,20,0.05,0.25,1007614,251904,0.25000049622176745,5,4.0000039697820196,5.0,0.04602121170565127,0.8280771109583747,0.24593092497022628,0.2471714966256451,0.25119094878920206,0.2509204950328004,0.24983376504798482
websearch_involuntary_ctx_switches,magalhaes_truncated_exponential_inspired,4,20,0.05,0.25,1007614,79902,0.07929822332758378,20,12.610668201899852,20.0,0.06867158031643301,0.5626805239043006,0.07076220722508932,0.08897379912663755,0.12262802699483923,0.1177836662994611,0.09403936046684729
websearch_involuntary_ctx_switches,fixed_slow_boundary,4,20,0.05,0.25,1007614,50381,0.05000029773306048,20,20.0,20.0,0.07887230700990926,0.41797231940745533,0.05150853513298928,0.049920603414053195,0.050595474394601034,0.04965214716011155,0.049875447841922965
websearch_involuntary_ctx_switches,fixed_fast_boundary,4,20,0.05,0.25,1007614,251904,0.25000049622176745,4,4.0,4.0,0.0455211187514541,0.8315945906716157,0.25287812624057165,0.25173680031758633,0.25071456927352126,0.2491241651035619,0.24985361399747918
websearch_involuntary_ctx_switches,omniflow,3,20,0.05,0.3333333333333333,1007614,214412,0.21279180321035635,20,4.699376431246531,10.0,0.053372592181813464,0.7532635794358918,0.18588725684795554,0.20886264390631204,0.24773719730051608,0.2531336529014202,0.24055934339675072
websearch_involuntary_ctx_switches,huang_wavelet_rate_inspired,3,20,0.05,0.3333333333333333,1007614,331229,0.32872607962969946,5,3.042052604248433,4.0,0.03977602176213276,0.8729910691482671,0.3404128622469234,0.3421992854307265,0.34342993251290194,0.3438731255148321,0.3437639562926132
websearch_involuntary_ctx_switches,magalhaes_truncated_exponential_inspired,3,20,0.05,0.3333333333333333,1007614,84269,0.08363222424460161,20,11.957136754165282,20.0,0.06861805751007592,0.5602779766971747,0.07145692735212386,0.09393608574831282,0.1350932909884875,0.12669584462242336,0.09961691527475908
websearch_involuntary_ctx_switches,fixed_slow_boundary,3,20,0.05,0.3333333333333333,1007614,50381,0.05000029773306048,20,20.0,20.0,0.07887230700990926,0.41797231940745533,0.05150853513298928,0.049920603414053195,0.050595474394601034,0.04965214716011155,0.049875447841922965
websearch_involuntary_ctx_switches,fixed_fast_boundary,3,20,0.05,0.3333333333333333,1007614,335872,0.3333339949623566,3,3.0,3.0,0.03979902990984901,0.872744190517511,0.33386264390631204,0.33341603811036125,0.3331877729257642,0.33259892220204246,0.33257411101517453
websearch_involuntary_ctx_switches,omniflow,2,20,0.05,0.5,1007614,279693,0.2775795096138005,20,3.602559243739542,9.0,0.05130226702719767,0.7730344579710005,0.23283048828900357,0.268261214767765,0.33816990869392616,0.33989341114121535,0.3117277518087355
websearch_involuntary_ctx_switches,huang_wavelet_rate_inspired,2,20,0.05,0.5,1007614,465382,0.4618653571705038,5,2.165135663037382,4.0,0.03345929897353333,0.9113119420179232,0.5011909487892021,0.5000496228662168,0.49954346963080587,0.5001042069848454,0.5005656950605889
websearch_involuntary_ctx_switches,magalhaes_truncated_exponential_inspired,2,20,0.05,0.5,1007614,90696,0.0900106588435651,20,11.109851700755279,20.0,0.06862055894876047,0.5613044116304197,0.07532751091703056,0.10128026994839222,0.15494243747518857,0.14167187701590894,0.1083157173906571
websearch_involuntary_ctx_switches,fixed_slow_boundary,2,20,0.05,0.5,1007614,50381,0.05000029773306048,20,20.0,20.0,0.07887230700990926,0.41797231940745533,0.05150853513298928,0.049920603414053195,0.050595474394601034,0.04965214716011155,0.049875447841922965
websearch_involuntary_ctx_switches,fixed_fast_boundary,2,20,0.05,0.5,1007614,503807,0.5,2,2.0,2.0,0.03311206345661377,0.9131248170883289,0.49950377133783247,0.49965263993648273,0.499801508535133,0.49888349659094294,0.5000992447474717
websearch_involuntary_ctx_switches,omniflow,1,20,0.05,1.0,1007614,431609,0.42834756166547905,20,2.334518822635354,7.0,0.048692571177374744,0.7966838045657593,0.34190154823342594,0.43211591901548235,0.5624255657006749,0.5264834608628338,0.4548982245114677
websearch_involuntary_ctx_switches,huang_wavelet_rate_inspired,1,20,0.05,1.0,1007614,880381,0.8737284317208772,5,1.1445205479452054,2.0,0.008700835515163357,0.9940323612239301,0.9906709011512504,0.9877927749106789,0.9867010718539103,0.9893014162225464,0.9924077768184119
websearch_involuntary_ctx_switches,magalhaes_truncated_exponential_inspired,1,20,0.05,1.0,1007614,101629,0.100861044010901,20,9.914708544889203,20.0,0.0677731961870267,0.573595470529317,0.09041286224692338,0.1202858277094085,0.19142516871774515,0.17057194747967963,0.12822917597086175
websearch_involuntary_ctx_switches,fixed_slow_boundary,1,20,0.05,1.0,1007614,50381,0.05000029773306048,20,20.0,20.0,0.07887230700990926,0.41797231940745533,0.05150853513298928,0.049920603414053195,0.050595474394601034,0.04965214716011155,0.049875447841922965
websearch_involuntary_ctx_switches,fixed_fast_boundary,1,20,0.05,1.0,1007614,1007614,1.0,1,1.0,1.0,0.0,1.0,1.0,1.0,1.0,1.0,1.0
hbase_block_write_latency,omniflow,20,20,0.05,0.05,599177,29959,0.05000025034338768,20,20.0,20.0,0.010412117864322978,0.06083116874641552,0.05391420464029378,0.052240674288575484,0.05200614193203819,0.05117078625431847,0.050077189468853006
hbase_block_write_latency,huang_wavelet_rate_inspired,20,20,0.05,0.05,599177,37449,0.06250073016821407,21,16.0,21.0,0.009236968135537534,0.0672079992721272,0.06643298280754464,0.061754151714929484,0.061452700447292875,0.06253650883722482,0.06199357449826845
hbase_block_write_latency,magalhaes_truncated_exponential_inspired,20,20,0.05,0.05,599177,29959,0.05000025034338768,20,20.0,20.0,0.010412117864322978,0.06083116874641552,0.05391420464029378,0.052240674288575484,0.05200614193203819,0.05117078625431847,0.050077189468853006
hbase_block_write_latency,fixed_slow_boundary,20,20,0.05,0.05,599177,29959,0.05000025034338768,20,20.0,20.0,0.010412117864322978,0.06083116874641552,0.05391420464029378,0.052240674288575484,0.05200614193203819,0.05117078625431847,0.050077189468853006
hbase_block_write_latency,omniflow,19,20,0.05,0.05263157894736842,599177,31533,0.052627186958110875,20,19.001966256501333,19.0,0.009091446054546128,0.06391426678318518,0.050909697880153565,0.053325544521405324,0.050971359903865414,0.05165478912495619,0.052013184795760836
hbase_block_write_latency,huang_wavelet_rate_inspired,19,20,0.05,0.05263157894736842,599177,37449,0.06250073016821407,21,16.0,21.0,0.009236968135537534,0.0672079992721272,0.06643298280754464,0.061754151714929484,0.061452700447292875,0.06253650883722482,0.06199357449826845
hbase_block_write_latency,magalhaes_truncated_exponential_inspired,19,20,0.05,0.05263157894736842,599177,30538,0.05096657581983287,20,19.621311851196907,20.0,0.008918425869189936,0.054168431436942145,0.04089467534635286,0.04097471417841943,0.04342746511783163,0.046197239514661946,0.0498685692827638
hbase_block_write_latency,fixed_slow_boundary,19,20,0.05,0.05263157894736842,599177,29959,0.05000025034338768,20,20.0,20.0,0.010412117864322978,0.06083116874641552,0.05391420464029378,0.052240674288575484,0.05200614193203819,0.05117078625431847,0.050077189468853006
hbase_block_write_latency,fixed_fast_boundary,19,20,0.05,0.05263157894736842,599177,31536,0.052632193825864475,19,19.0,19.0,0.009091446054546912,0.0639142737852811,0.050909697880153565,0.053325544521405324,0.050971359903865414,0.05165478912495619,0.052013184795760836
hbase_block_write_latency,omniflow,18,20,0.05,0.05555555555555555,599177,33266,0.05551948756377498,20,18.012114835412596,18.0,0.011056053363574202,0.08459510268348956,0.05324653647137373,0.0532420929650338,0.05397556579210895,0.05556019159837776,0.05581841699002796
hbase_block_write_latency,huang_wavelet_rate_inspired,18,20,0.05,0.05555555555555555,599177,37449,0.06250073016821407,21,16.0,21.0,0.009236968135537534,0.0672079992721272,0.06643298280754464,0.061754151714929484,0.061452700447292875,0.06253650883722482,0.06199357449826845
hbase_block_write_latency,magalhaes_truncated_exponential_inspired,18,20,0.05,0.05555555555555555,599177,31115,0.05192956338444233,20,19.25737610079064,20.0,0.008877560401375906,0.05490896307165104,0.03321649140377232,0.03413168655595427,0.0355831497429735,0.04292604769931739,0.04850002086201861
hbase_block_write_latency,fixed_slow_boundary,18,20,0.05,0.05555555555555555,599177,29959,0.05000025034338768,20,20.0,20.0,0.010412117864322978,0.06083116874641552,0.05391420464029378,0.052240674288575484,0.05200614193203819,0.05117078625431847,0.050077189468853006
hbase_block_write_latency,fixed_fast_boundary,18,20,0.05,0.05555555555555555,599177,33288,0.05555620459396806,18,18.0,18.0,0.011056053363572287,0.0845951093728965,0.05324653647137373,0.0532420929650338,0.05397556579210895,0.05556019159837776,0.05581841699002796
hbase_block_write_latency,omniflow,17,20,0.05,0.058823529411764705,599177,35184,0.05872054501424454,20,17.030071341272773,17.0,0.008976976667599283,0.06616017324988198,0.05758637956935403,0.05933405658015522,0.059416516456372255,0.05856434734716358,0.05902282304835816
hbase_block_write_latency,huang_wavelet_rate_inspired,17,20,0.05,0.058823529411764705,599177,37449,0.06250073016821407,21,16.0,21.0,0.009236968135537534,0.0672079992721272,0.06643298280754464,0.061754151714929484,0.061452700447292875,0.06253650883722482,0.06199357449826845
hbase_block_write_latency,magalhaes_truncated_exponential_inspired,17,20,0.05,0.058823529411764705,599177,31828,0.053119528953881744,20,18.825525497219342,20.0,0.008594209449041712,0.061992507381031646,0.045067601402103155,0.04356171242593675,0.04389478603378063,0.046080411235542504,0.050602912337797804
hbase_block_write_latency,fixed_slow_boundary,17,20,0.05,0.058823529411764705,599177,29959,0.05000025034338768,20,20.0,20.0,0.010412117864322978,0.06083116874641552,0.05391420464029378,0.052240674288575484,0.05200614193203819,0.05117078625431847,0.050077189468853006
hbase_block_write_latency,fixed_fast_boundary,17,20,0.05,0.058823529411764705,599177,35246,0.058824020281152314,17,17.0,17.0,0.008976976667600558,0.0661601843061578,0.05758637956935403,0.05933405658015522,0.059416516456372255,0.05856434734716358,0.05902282304835816
hbase_block_write_latency,omniflow,16,20,0.05,0.0625,599177,37335,0.06231046919357719,20,16.048802699951786,16.0,0.00907716985825716,0.07580787876190254,0.06643298280754464,0.06384044062421765,0.06212030175579144,0.06283692441210341,0.06289481370217383
hbase_block_write_latency,huang_wavelet_rate_inspired,16,20,0.05,0.0625,599177,37449,0.06250073016821407,21,16.0,21.0,0.009236968135537534,0.0672079992721272,0.06643298280754464,0.061754151714929484,0.061452700447292875,0.06253650883722482,0.06199357449826845
hbase_block_write_latency,magalhaes_truncated_exponential_inspired,16,20,0.05,0.0625,599177,32273,0.05386221433733271,20,18.56643529995042,20.0,0.008326502494433986,0.03941474448828435,0.02687364379903188,0.02795627138446132,0.029574737966486415,0.03810270874710016,0.047907539533525265
hbase_block_write_latency,fixed_slow_boundary,16,20,0.05,0.0625,599177,29959,0.05000025034338768,20,20.0,20.0,0.010412117864322978,0.06083116874641552,0.05391420464029378,0.052240674288575484,0.05200614193203819,0.05117078625431847,0.050077189468853006
hbase_block_write_latency,fixed_fast_boundary,16,20,0.05,0.0625,599177,37449,0.06250073016821407,16,16.0,16.0,0.00948524847293112,0.08029527582547702,0.06643298280754464,0.06392389218058916,0.063255223980239,0.06278685514962365,0.06312012350315016
hbase_block_write_latency,omniflow,15,20,0.05,0.06666666666666667,599177,39749,0.06633932877930895,20,15.074217570695382,16.0,0.01003552974584014,0.07033067799773142,0.06359539308963445,0.065008762413419,0.06432338607383671,0.06497321294457332,0.06535653189802645
hbase_block_write_latency,huang_wavelet_rate_inspired,15,20,0.05,0.06666666666666667,599177,46811,0.07812549547128812,16,12.8,16.0,0.010050378686690887,0.08879970630918615,0.08345852111500585,0.07769339898189101,0.07871019427198077,0.07882570889730794,0.07804063921225017
hbase_block_write_latency,magalhaes_truncated_exponential_inspired,15,20,0.05,0.06666666666666667,599177,33030,0.05512561396715829,20,18.140724817584548,20.0,0.009253648791374589,0.08123661048217778,0.05908863294942414,0.058833347241926064,0.055844849455904934,0.05477577315286146,0.056244002169649934
hbase_block_write_latency,fixed_slow_boundary,15,20,0.05,0.06666666666666667,599177,29959,0.05000025034338768,20,20.0,20.0,0.010412117864322978,0.06083116874641552,0.05391420464029378,0.052240674288575484,0.05200614193203819,0.05117078625431847,0.050077189468853006
hbase_block_write_latency,fixed_fast_boundary,15,20,0.05,0.06666666666666667,599177,39946,0.06666811309512882,15,15.0,15.0,0.010148401542483728,0.08072577231245275,0.06993824069437489,0.06709505132270717,0.06809533346685359,0.06615818548992773,0.06629949513914966
hbase_block_write_latency,omniflow,14,20,0.05,0.07142857142857142,599177,42514,0.07095399189221215,20,14.093924211417685,15.0,0.00950912664999663,0.08441758483074577,0.07344349858120514,0.07135108069765501,0.07183390079444556,0.07203297895422,0.07171527517002545
hbase_block_write_latency,huang_wavelet_rate_inspired,14,20,0.05,0.07142857142857142,599177,46811,0.07812549547128812,16,12.8,16.0,0.010050378686690887,0.08879970630918615,0.08345852111500585,0.07769339898189101,0.07871019427198077,0.07882570889730794,0.07804063921225017
hbase_block_write_latency,magalhaes_truncated_exponential_inspired,14,20,0.05,0.07142857142857142,599177,33959,0.056676074014857046,20,17.64456092820543,20.0,0.008023528986327284,0.05249320016084466,0.043231513937573025,0.04548109822248185,0.044929568061953404,0.05070347313784068,0.05594358910168148
hbase_block_write_latency,fixed_slow_boundary,14,20,0.05,0.07142857142857142,599177,29959,0.05000025034338768,20,20.0,20.0,0.010412117864322978,0.06083116874641552,0.05391420464029378,0.052240674288575484,0.05200614193203819,0.05117078625431847,0.050077189468853006
hbase_block_write_latency,fixed_fast_boundary,14,20,0.05,0.07142857142857142,599177,42799,0.07142964432880435,14,14.0,14.0,0.010419901321543312,0.07490492500221284,0.07177432815890503,0.0735208211633147,0.07246812203751919,0.07114842198374417,0.07156506863604123
hbase_block_write_latency,omniflow,13,20,0.05,0.07692307692307693,599177,45665,0.07621287198941214,20,13.121320953048354,14.0,0.009058975804663659,0.0737430655719358,0.07911867801702553,0.07760994742551948,0.07654049001936043,0.07772418512275314,0.07783201902616096
hbase_block_write_latency,huang_wavelet_rate_inspired,13,20,0.05,0.07692307692307693,599177,46811,0.07812549547128812,16,12.8,16.0,0.010050378686690887,0.08879970630918615,0.08345852111500585,0.07769339898189101,0.07871019427198077,0.07882570889730794,0.07804063921225017
hbase_block_write_latency,magalhaes_truncated_exponential_inspired,13,20,0.05,0.07692307692307693,599177,34380,0.0573787044562792,20,17.428371971261527,20.0,0.008880409541771288,0.08009777471665151,0.034384910699382404,0.03588416923975632,0.03832031510781761,0.04551295959410518,0.05404097300454792
hbase_block_write_latency,fixed_slow_boundary,13,20,0.05,0.07692307692307693,599177,29959,0.05000025034338768,20,20.0,20.0,0.010412117864322978,0.06083116874641552,0.05391420464029378,0.052240674288575484,0.05200614193203819,0.05117078625431847,0.050077189468853006
hbase_block_write_latency,fixed_fast_boundary,13,20,0.05,0.07692307692307693,599177,46091,0.07692384721042363,13,13.0,13.0,0.009882301410651068,0.06875836105068661,0.07694875646803538,0.07710923808729032,0.07747513185125843,0.07762404659779361,0.07665540117661784
hbase_block_write_latency,omniflow,12,20,0.05,0.08333333333333333,599177,49273,0.08223446494107751,20,12.160395356389024,13.0,0.009414851303648938,0.07865322021647153,0.08362543815723586,0.08370191104064091,0.08455170572134321,0.08503429744479864,0.08448283055868486
hbase_block_write_latency,huang_wavelet_rate_inspired,12,20,0.05,0.08333333333333333,599177,56173,0.09375026077436217,13,10.666666666666666,13.0,0.009094095169988072,0.08219565949124016,0.09647805040894675,0.0918801635650505,0.09296348220842512,0.09369627985379775,0.09246046647473609
hbase_block_write_latency,magalhaes_truncated_exponential_inspired,12,20,0.05,0.08333333333333333,599177,35853,0.05983707652329779,20,16.712038380006693,20.0,0.0090343084603669,0.09210052187963916,0.053413453513603736,0.052240674288575484,0.051305160558114696,0.05869786538044294,0.0625610214044311
hbase_block_write_latency,fixed_slow_boundary,12,20,0.05,0.08333333333333333,599177,29959,0.05000025034338768,20,20.0,20.0,0.010412117864322978,0.06083116874641552,0.05391420464029378,0.052240674288575484,0.05200614193203819,0.05117078625431847,0.050077189468853006
hbase_block_write_latency,fixed_fast_boundary,12,20,0.05,0.08333333333333333,599177,49932,0.08333430689095209,12,12.0,12.0,0.009360134344495041,0.08208854539976922,0.0842931063261559,0.08270049236418259,0.08381734428199479,0.08268104210824974,0.08318938540493179
hbase_block_write_latency,omniflow,11,20,0.05,0.09090909090909091,599177,53517,0.0893175138565065,20,11.196165632707975,12.0,0.009206164015174817,0.07288742841516463,0.09330662660657653,0.09204706667779354,0.09262968155417585,0.09052522656341272,0.09105019401677306
hbase_block_write_latency,huang_wavelet_rate_inspired,11,20,0.05,0.09090909090909091,599177,56173,0.09375026077436217,13,10.666666666666666,13.0,0.009094095169988072,0.08219565949124016,0.09647805040894675,0.0918801635650505,0.09296348220842512,0.09369627985379775,0.09246046647473609
hbase_block_write_latency,magalhaes_truncated_exponential_inspired,11,20,0.05,0.09090909090909091,599177,35689,0.05956336775276755,20,16.789172831203764,20.0,0.008699896490154645,0.05230172065291674,0.04156234351527291,0.03963948927647501,0.03751919353761933,0.04377722516147337,0.053406767638836734
hbase_block_write_latency,fixed_slow_boundary,11,20,0.05,0.09090909090909091,599177,29959,0.05000025034338768,20,20.0,20.0,0.010412117864322978,0.06083116874641552,0.05391420464029378,0.052240674288575484,0.05200614193203819,0.05117078625431847,0.050077189468853006
hbase_block_write_latency,fixed_fast_boundary,11,20,0.05,0.09090909090909091,599177,54471,0.09090969780215195,11,11.0,11.0,0.010080889413190812,0.10953153126884121,0.09213820731096645,0.0893766168739047,0.09299686227385005,0.09201061468364571,0.091225434973088
hbase_block_write_latency,omniflow,10,20,0.05,0.1,599177,58586,0.09777745140417606,20,10.227447298796621,11.0,0.010662564452238997,0.04606378974700107,0.07344349858120514,0.08069765501126595,0.08742239134788704,0.09179364787956673,0.09420453123044185
hbase_block_write_latency,huang_wavelet_rate_inspired,10,20,0.05,0.1,599177,65535,0.10937502607743621,11,9.142857142857142,11.0,0.009892333453611532,0.08980357990332301,0.11450509096978802,0.10790286238838355,0.10918619400494024,0.10948478728908323,0.10849918638127425
hbase_block_write_latency,magalhaes_truncated_exponential_inspired,10,20,0.05,0.1,599177,36832,0.06147098436688992,20,16.26808938122777,20.0,0.009538960137638513,0.07601173331700921,0.09597729928225672,0.09346574313610949,0.0933974230589492,0.08401622244104344,0.07260816956648726
hbase_block_write_latency,fixed_slow_boundary,10,20,0.05,0.1,599177,29959,0.05000025034338768,20,20.0,20.0,0.010412117864322978,0.06083116874641552,0.05391420464029378,0.052240674288575484,0.05200614193203819,0.05117078625431847,0.050077189468853006
hbase_block_write_latency,fixed_fast_boundary,10,20,0.05,0.1,599177,59918,0.10000050068677536,10,10.0,10.0,0.00886752412908519,0.06802846415557659,0.1084960774495076,0.1036468330134357,0.10387876360237666,0.10160722332560042,0.09967038010597905
hbase_block_write_latency,omniflow,9,20,0.05,0.1111111111111111,599177,64695,0.10797310310642765,20,9.261616224070238,11.0,0.010325009106854346,0.13033401561210506,0.11033216491403772,0.10990569974130017,0.11065491688363709,0.11155431680491347,0.11081904285058622
hbase_block_write_latency,huang_wavelet_rate_inspired,9,20,0.05,0.1111111111111111,599177,74897,0.12499979138051026,9,8.0,9.0,0.009651927263038125,0.0848773440245206,0.12235019195459856,0.12175582074605691,0.12427398357700781,0.12442211726221272,0.12528893895773355
hbase_block_write_latency,magalhaes_truncated_exponential_inspired,9,20,0.05,0.1111111111111111,599177,38381,0.06405619708366643,20,15.611229807191245,20.0,0.008937326850958528,0.06502022490325915,0.06543148055416458,0.06567637486439122,0.06362240469991322,0.0636881018742594,0.06707556223140151
hbase_block_write_latency,fixed_slow_boundary,9,20,0.05,0.1111111111111111,599177,29959,0.05000025034338768,20,20.0,20.0,0.010412117864322978,0.06083116874641552,0.05391420464029378,0.052240674288575484,0.05200614193203819,0.05117078625431847,0.050077189468853006
hbase_block_write_latency,fixed_fast_boundary,9,20,0.05,0.1111111111111111,599177,66576,0.11111240918793612,9,9.0,9.0,0.00912499528645653,0.08291054424267011,0.10649307294274746,0.1090711841775849,0.11165631884638494,0.11263915082530834,0.11217924646388784
hbase_block_write_latency,omniflow,8,20,0.05,0.125,599177,72390,0.12081571889441685,20,8.277141554656094,10.0,0.009821480856066465,0.0964426540227565,0.12418627941912869,0.12818159058666445,0.1252086254089058,0.12520653570772902,0.12513038761630577
hbase_block_write_latency,huang_wavelet_rate_inspired,8,20,0.05,0.125,599177,74898,0.12500146033642814,9,8.0,9.0,0.009651927263038125,0.0848773440412649,0.12235019195459856,0.12175582074605691,0.12427398357700781,0.12442211726221272,0.12528893895773355
hbase_block_write_latency,magalhaes_truncated_exponential_inspired,8,20,0.05,0.125,599177,40692,0.06791315420985786,20,14.72458283158438,20.0,0.008425444421555116,0.08065794949253205,0.060757803371724255,0.06158724860218643,0.06492422725148542,0.06836123303903734,0.07269161764092294
hbase_block_write_latency,fixed_slow_boundary,8,20,0.05,0.125,599177,29959,0.05000025034338768,20,20.0,20.0,0.010412117864322978,0.06083116874641552,0.05391420464029378,0.052240674288575484,0.05200614193203819,0.05117078625431847,0.050077189468853006
hbase_block_write_latency,fixed_fast_boundary,8,20,0.05,0.125,599177,74898,0.12500146033642814,8,8.0,8.0,0.009838786523379925,0.12142109084408008,0.1325321315306293,0.1308520403905533,0.12731156953067627,0.12497287914949012,0.12549755914382277
hbase_block_write_latency,omniflow,7,20,0.05,0.14285714285714285,599177,81836,0.13658067649459174,20,7.32169609580253,9.0,0.009632290086166426,0.09393910374557769,0.1473877482891003,0.14178419427522324,0.14383470191601574,0.1429644341338852,0.14123586598239246
hbase_block_write_latency,huang_wavelet_rate_inspired,7,20,0.05,0.14285714285714285,599177,93622,0.15625099094257625,8,6.400017090182758,7.0,0.00920947416593476,0.10359572156491728,0.1629110332164914,0.1584745055495285,0.15444956272114294,0.1562494784451825,0.15598114073517755
hbase_block_write_latency,magalhaes_truncated_exponential_inspired,7,20,0.05,0.14285714285714285,599177,43476,0.07255952748520053,20,13.78205865439908,20.0,0.010101550622298568,0.1049817898785141,0.08579535970622601,0.0823666861386965,0.0833500233660458,0.08384932489944423,0.0834230400133517
hbase_block_write_latency,fixed_slow_boundary,7,20,0.05,0.14285714285714285,599177,29959,0.05000025034338768,20,20.0,20.0,0.010412117864322978,0.06083116874641552,0.05391420464029378,0.052240674288575484,0.05200614193203819,0.05117078625431847,0.050077189468853006
hbase_block_write_latency,fixed_fast_boundary,7,20,0.05,0.14285714285714285,599177,85597,0.1428576197016908,7,7.0,7.0,0.00996327802863283,0.12548421642890534,0.1400433984309798,0.14562296586831344,0.1433006208692169,0.14314802142964433,0.14398965243877
hbase_block_write_latency,omniflow,6,20,0.05,0.16666666666666666,599177,94206,0.15722566119861076,20,6.360278116872777,8.0,0.00897749724501519,0.101986730795739,0.16975463194792187,0.1704915296670283,0.16796848921823887,0.16644691823689436,0.16607001293445153
hbase_block_write_latency,huang_wavelet_rate_inspired,6,20,0.05,0.16666666666666666,599177,102984,0.1718757562456503,8,5.818203004379364,7.0,0.010544487770906014,0.08936151109277236,0.17542981138374228,0.16982391721605608,0.17063889445223313,0.1728557838343041,0.170834897984729
hbase_block_write_latency,magalhaes_truncated_exponential_inspired,6,20,0.05,0.16666666666666666,599177,44503,0.07427354521285029,20,13.463979147004629,20.0,0.009049615583804477,0.07419567793413272,0.07961942914371557,0.07719268964366185,0.08037919754322718,0.0786421216015488,0.08224642216380856
hbase_block_write_latency,fixed_slow_boundary,6,20,0.05,0.16666666666666666,599177,29959,0.05000025034338768,20,20.0,20.0,0.010412117864322978,0.06083116874641552,0.05391420464029378,0.052240674288575484,0.05200614193203819,0.05117078625431847,0.050077189468853006
hbase_block_write_latency,fixed_fast_boundary,6,20,0.05,0.16666666666666666,599177,99863,0.16666694482598632,6,6.0,6.0,0.00891794295874681,0.10198092200053202,0.16725087631447172,0.16448301760827838,0.16870285065758728,0.16589615634961696,0.1662619435056536
hbase_block_write_latency,omniflow,5,20,0.05,0.2,599177,111018,0.1852841480897965,20,5.397101344839078,7.0,0.00864207072162361,0.13511824137312076,0.18778167250876315,0.18300926312275723,0.18312303892115628,0.19071382078541982,0.1932991196228147
hbase_block_write_latency,huang_wavelet_rate_inspired,5,20,0.05,0.2,599177,121708,0.20312528685179837,8,4.923102204474681,6.0,0.009668768197471854,0.1220644794256715,0.20263728926723418,0.20145205708086455,0.204653181120235,0.2051671478879116,0.20350481912629867
hbase_block_write_latency,magalhaes_truncated_exponential_inspired,5,20,0.05,0.2,599177,45931,0.07665681426356485,20,13.045395166557805,20.0,0.008506782929343681,0.1108923314895232,0.13236521448839927,0.12918300926312276,0.12363976233393417,0.1117379041006726,0.0977927984311762
hbase_block_write_latency,fixed_slow_boundary,5,20,0.05,0.2,599177,29959,0.05000025034338768,20,20.0,20.0,0.010412117864322978,0.06083116874641552,0.05391420464029378,0.052240674288575484,0.05200614193203819,0.05117078625431847,0.050077189468853006
hbase_block_write_latency,fixed_fast_boundary,5,20,0.05,0.2,599177,119836,0.20000100137355073,5,5.0,5.0,0.00865034112619156,0.1319914510484766,0.21048239025204474,0.2069598598013853,0.20211629614794044,0.19890849007794115,0.19829765928151208
hbase_block_write_latency,omniflow,4,20,0.05,0.25,599177,136032,0.22703141141933017,20,4.40467246436474,7.0,0.008927354414576746,0.12482386708460577,0.2416958771490569,0.24735041308520403,0.24791374591094198,0.24797636730810954,0.24821629740893728
hbase_block_write_latency,huang_wavelet_rate_inspired,4,20,0.05,0.25,599177,149795,0.2500012517169384,5,4.0,5.0,0.009515675956946221,0.1648914816355843,0.2612251710899683,0.2524409580238671,0.2508845717337606,0.2488609242785854,0.24880877873743062
hbase_block_write_latency,magalhaes_truncated_exponential_inspired,4,20,0.05,0.25,599177,54113,0.09031221158355544,20,11.07277498521585,20.0,0.008489230593432243,0.09552117126041454,0.12235019195459856,0.12050404740048402,0.11923359369784364,0.11412453894554134,0.10740601660616682
hbase_block_write_latency,fixed_slow_boundary,4,20,0.05,0.25,599177,29959,0.05000025034338768,20,20.0,20.0,0.010412117864322978,0.06083116874641552,0.05391420464029378,0.052240674288575484,0.05200614193203819,0.05117078625431847,0.050077189468853006
hbase_block_write_latency,fixed_fast_boundary,4,20,0.05,0.25,599177,149795,0.2500012517169384,4,4.0,4.0,0.009041097961866463,0.15199438091913112,0.25805374728759806,0.2543603438204122,0.2512517524534348,0.24931154764090324,0.2502023615805065
hbase_block_write_latency,omniflow,3,20,0.05,0.3333333333333333,599177,175171,0.2923526770887401,20,3.4205400468116687,6.0,0.009017311208203512,0.25637326444194813,0.328993490235353,0.32904948677292833,0.325121837238801,0.3275197356342941,0.3278424500354654
hbase_block_write_latency,huang_wavelet_rate_inspired,3,20,0.05,0.3333333333333333,599177,205813,0.3434928243240311,5,2.9112782539404893,3.0,0.008934484085939096,0.2362460366546009,0.34318143882490404,0.3411499624467996,0.3410107483810668,0.34467680291069314,0.34499102933199816
hbase_block_write_latency,magalhaes_truncated_exponential_inspired,3,20,0.05,0.3333333333333333,599177,60376,0.1007648824971586,20,9.924041407867495,20.0,0.008357513869992433,0.09480551775139717,0.15539976631614089,0.15171492948343487,0.1446024434207891,0.1365889480447953,0.12960320440605833
hbase_block_write_latency,fixed_slow_boundary,3,20,0.05,0.3333333333333333,599177,29959,0.05000025034338768,20,20.0,20.0,0.010412117864322978,0.06083116874641552,0.05391420464029378,0.052240674288575484,0.05200614193203819,0.05117078625431847,0.050077189468853006
hbase_block_write_latency,fixed_fast_boundary,3,20,0.05,0.3333333333333333,599177,199726,0.33333388965197264,3,3.0,3.0,0.008709464738329908,0.2093104516882674,0.33082957769988314,0.33005090544938664,0.33366713398758263,0.33449605287314116,0.334092710810698
hbase_block_write_latency,omniflow,2,20,0.05,0.5,599177,249547,0.41648294243604145,20,2.4010643328284162,5.0,0.008419319763739812,0.3113362612000503,0.5040894675346352,0.5000417257781857,0.49262300554109084,0.49356609977135035,0.49331163683398005
hbase_block_write_latency,huang_wavelet_rate_inspired,2,20,0.05,0.5,599177,299086,0.4991613496512717,5,2.0033635922898174,2.0,0.008702709973085634,0.2760043433341152,0.4969120347187448,0.5027121755820746,0.4991988784298017,0.4983727489694077,0.49896941628071934
hbase_block_write_latency,magalhaes_truncated_exponential_inspired,2,20,0.05,0.5,599177,72015,0.1201898604252166,20,8.32018774127253,20.0,0.008352966160298791,0.1302916363974195,0.20747788349190452,0.20053408996077776,0.19407170038053276,0.18311998264265567,0.16510201527099763
hbase_block_write_latency,fixed_slow_boundary,2,20,0.05,0.5,599177,29959,0.05000025034338768,20,20.0,20.0,0.010412117864322978,0.06083116874641552,0.05391420464029378,0.052240674288575484,0.05200614193203819,0.05117078625431847,0.050077189468853006
hbase_block_write_latency,fixed_fast_boundary,2,20,0.05,0.5,599177,299589,0.500000834477959,2,2.0,2.0,0.008124431343759939,0.3380140944219886,0.5075947254214656,0.5032128849203038,0.5018025235329461,0.498522956756847,0.4995535528017691
hbase_block_write_latency,omniflow,1,20,0.05,1.0,599177,443555,0.7402737421496486,20,1.3508456692984394,3.0,0.005589679132692355,0.7001764104777661,0.9729594391587381,0.9732955019611116,0.9719607450430603,0.9685731929168684,0.9642174656819794
hbase_block_write_latency,huang_wavelet_rate_inspired,1,20,0.05,1.0,599177,581779,0.970963504940944,5,1.0299048778056235,1.0,0.00016666415360010712,0.9997386031159816,1.0,0.9999165484436284,0.9998998598037252,0.9998998614750405,0.9998331038511287
hbase_block_write_latency,magalhaes_truncated_exponential_inspired,1,20,0.05,1.0,599177,94048,0.15696196616358774,20,6.370878390591938,20.0,0.009690814955430047,0.16086756384593584,0.34234685361375394,0.32980055078027204,0.30889912544228587,0.2722265801024751,0.23030834063503985
hbase_block_write_latency,fixed_slow_boundary,1,20,0.05,1.0,599177,29959,0.05000025034338768,20,20.0,20.0,0.010412117864322978,0.06083116874641552,0.05391420464029378,0.052240674288575484,0.05200614193203819,0.05117078625431847,0.050077189468853006
hbase_block_write_latency,fixed_fast_boundary,1,20,0.05,1.0,599177,599177,1.0,1,1.0,1.0,0.0,1.0,1.0,1.0,1.0,1.0,1.0
minio_block_read_bytes,omniflow,20,20,0.05,0.05,612236,30612,0.05000032667141429,20,20.0,20.0,0.08315215832558279,0.5912303861844183,0.04867690297288468,0.04941195687683764,0.04994936460749404,0.04926253205494667,0.04959696848432383
minio_block_read_bytes,huang_wavelet_rate_inspired,20,20,0.05,0.05,612236,38265,0.06250040833926786,21,16.0,21.0,0.08198051098430006,0.6229598473364735,0.065828160731787,0.06901339431558315,0.06647937016105322,0.064256896917825,0.06272918078842274
minio_block_read_bytes,magalhaes_truncated_exponential_inspired,20,20,0.05,0.05,612236,30612,0.05000032667141429,20,20.0,20.0,0.08315215832558279,0.5912303861844183,0.04867690297288468,0.04941195687683764,0.04994936460749404,0.04926253205494667,0.04959696848432383
minio_block_read_bytes,fixed_slow_boundary,20,20,0.05,0.05,612236,30612,0.05000032667141429,20,20.0,20.0,0.08315215832558279,0.5912303861844183,0.04867690297288468,0.04941195687683764,0.04994936460749404,0.04926253205494667,0.04959696848432383
minio_block_read_bytes,omniflow,19,20,0.05,0.05263157894736842,612236,32149,0.052510796490242324,20,19.04370411845216,19.0,0.08305348203109292,0.6130822315516572,0.05031035609278014,0.05504737014047697,0.05279148018686093,0.05274161671267334,0.05266768479423751
minio_block_read_bytes,huang_wavelet_rate_inspired,19,20,0.05,0.05263157894736842,612236,38265,0.06250040833926786,21,16.0,21.0,0.08198051098430006,0.6229598473364735,0.065828160731787,0.06901339431558315,0.06647937016105322,0.064256896917825,0.06272918078842274
minio_block_read_bytes,magalhaes_truncated_exponential_inspired,19,20,0.05,0.05263157894736842,612236,31255,0.051050575268360564,20,19.58846867600947,20.0,0.08273792387739097,0.6149039836844996,0.050473701404769686,0.05194380921267559,0.051876776322237104,0.0526599480587361,0.05234101284637435
minio_block_read_bytes,fixed_slow_boundary,19,20,0.05,0.05263157894736842,612236,30612,0.05000032667141429,20,20.0,20.0,0.08315215832558279,0.5912303861844183,0.04867690297288468,0.04941195687683764,0.04994936460749404,0.04926253205494667,0.04959696848432383
minio_block_read_bytes,fixed_fast_boundary,19,20,0.05,0.05263157894736842,612236,32223,0.05263166491353008,19,19.0,19.0,0.08352484489626855,0.6114019820071256,0.05145377327670696,0.053250571708591966,0.05403286400313613,0.05239860836613691,0.052716685586416984
minio_block_read_bytes,omniflow,18,20,0.05,0.05555555555555555,612236,33782,0.055178068587930146,20,18.123353364317218,19.0,0.08195080708440591,0.6064352296136847,0.05962103887618425,0.05610911466840902,0.05596027571787919,0.05511000767685347,0.05585273628590329
minio_block_read_bytes,huang_wavelet_rate_inspired,18,20,0.05,0.05555555555555555,612236,38265,0.06250040833926786,21,16.0,21.0,0.08198051098430006,0.6229598473364735,0.065828160731787,0.06901339431558315,0.06647937016105322,0.064256896917825,0.06272918078842274
minio_block_read_bytes,magalhaes_truncated_exponential_inspired,18,20,0.05,0.05555555555555555,612236,31904,0.05211062400773558,20,19.190483653574898,20.0,0.08222652833678308,0.592744051993739,0.053577262332571055,0.05333224436458674,0.05367351605631963,0.0563840386782745,0.05539539555889487
minio_block_read_bytes,fixed_slow_boundary,18,20,0.05,0.05555555555555555,612236,30612,0.05000032667141429,20,20.0,20.0,0.08315215832558279,0.5912303861844183,0.04867690297288468,0.04941195687683764,0.04994936460749404,0.04926253205494667,0.04959696848432383
minio_block_read_bytes,fixed_fast_boundary,18,20,0.05,0.05555555555555555,612236,34014,0.055557007428507964,18,18.0,18.0,0.08332277562026352,0.603906453382819,0.05504737014047697,0.05594576935641947,0.055829603737218646,0.05550201721575225,0.05489722083840355
minio_block_read_bytes,omniflow,17,20,0.05,0.058823529411764705,612236,35560,0.0580821774609791,20,17.217047723501786,18.0,0.08119601820985081,0.6093534463280822,0.062071218556027444,0.060192747468147664,0.05906373525856718,0.059275109027653004,0.058229274706607756
minio_block_read_bytes,huang_wavelet_rate_inspired,17,20,0.05,0.058823529411764705,612236,38265,0.06250040833926786,21,16.0,21.0,0.08198051098430006,0.6229598473364735,0.065828160731787,0.06901339431558315,0.06647937016105322,0.064256896917825,0.06272918078842274
minio_block_read_bytes,magalhaes_truncated_exponential_inspired,17,20,0.05,0.058823529411764705,612236,32594,0.05323764038704029,20,18.783910655662257,20.0,0.08035633788197492,0.6135730522041626,0.0576608951323097,0.059212675596210386,0.05788768743262226,0.0563840386782745,0.05722475846692855
minio_block_read_bytes,fixed_slow_boundary,17,20,0.05,0.058823529411764705,612236,30612,0.05000032667141429,20,20.0,20.0,0.08315215832558279,0.5912303861844183,0.04867690297288468,0.04941195687683764,0.04994936460749404,0.04926253205494667,0.04959696848432383
minio_block_read_bytes,fixed_fast_boundary,17,20,0.05,0.058823529411764705,612236,36014,0.05882372157142017,17,17.0,17.0,0.0816888481046705,0.6196055533103625,0.06403136229990199,0.06133616465207448,0.061023814968475386,0.05938944514316515,0.05947062810848775
minio_block_read_bytes,omniflow,16,20,0.05,0.0625,612236,37567,0.061360325103391504,20,16.297449821647234,18.0,0.0828067896852896,0.6028220761567197,0.06501143417183927,0.06435805292388108,0.06053379504099833,0.06169250118419548,0.06178183213961959
minio_block_read_bytes,huang_wavelet_rate_inspired,16,20,0.05,0.0625,612236,38265,0.06250040833926786,21,16.0,21.0,0.08198051098430006,0.6229598473364735,0.065828160731787,0.06901339431558315,0.06647937016105322,0.064256896917825,0.06272918078842274
minio_block_read_bytes,magalhaes_truncated_exponential_inspired,16,20,0.05,0.0625,612236,33308,0.05440385733605995,20,18.381121085657668,20.0,0.08355876152414529,0.6226174009995011,0.07693564194707612,0.07497549820320157,0.0708242135180164,0.06285219607010437,0.0596094636863296
minio_block_read_bytes,fixed_slow_boundary,16,20,0.05,0.0625,612236,30612,0.05000032667141429,20,20.0,20.0,0.08315215832558279,0.5912303861844183,0.04867690297288468,0.04941195687683764,0.04994936460749404,0.04926253205494667,0.04959696848432383
minio_block_read_bytes,fixed_fast_boundary,16,20,0.05,0.0625,612236,38265,0.06250040833926786,16,16.0,16.0,0.08242499772846226,0.6167363375442891,0.06811499509964064,0.07032015681149952,0.06621802619973212,0.06399555722522582,0.062043169697910114
minio_block_read_bytes,omniflow,15,20,0.05,0.06666666666666667,612236,39804,0.0650141448722388,20,15.381554154209482,17.0,0.08027765905012679,0.614714577940077,0.06550147010780791,0.06631819666775564,0.06644670216588808,0.06696829622854156,0.06699224970803695
minio_block_read_bytes,huang_wavelet_rate_inspired,15,20,0.05,0.06666666666666667,612236,47831,0.07812510208481696,16,12.8,16.0,0.08138450584504375,0.6298052851416066,0.08461287161058477,0.0875530872263966,0.08271536375812616,0.07964327131960211,0.07802559474711508
minio_block_read_bytes,magalhaes_truncated_exponential_inspired,15,20,0.05,0.06666666666666667,612236,34067,0.05564357535329514,20,17.971731345036105,20.0,0.07979765217558678,0.6256439468333972,0.06435805292388108,0.06296961777196994,0.0639639345333377,0.0662496120738938,0.06290885035974748
minio_block_read_bytes,fixed_slow_boundary,15,20,0.05,0.06666666666666667,612236,30612,0.05000032667141429,20,20.0,20.0,0.08315215832558279,0.5912303861844183,0.04867690297288468,0.04941195687683764,0.04994936460749404,0.04926253205494667,0.04959696848432383
minio_block_read_bytes,fixed_fast_boundary,15,20,0.05,0.06666666666666667,612236,40816,0.06666710222855239,15,15.0,15.0,0.08036643110905212,0.6253553405331825,0.06648154197974518,0.06615485135576608,0.06641403417072295,0.06595560491971972,0.06586523148790906
minio_block_read_bytes,omniflow,14,20,0.05,0.07142857142857142,612236,42294,0.06908120398016451,20,14.475799777740997,17.0,0.0812185109059702,0.6336821359332871,0.06729826853969291,0.07056517477948383,0.07294763320375029,0.07123139996406579,0.07066730912149746
minio_block_read_bytes,huang_wavelet_rate_inspired,14,20,0.05,0.07142857142857142,612236,47831,0.07812510208481696,16,12.8,16.0,0.08138450584504375,0.6298052851416066,0.08461287161058477,0.0875530872263966,0.08271536375812616,0.07964327131960211,0.07802559474711508
minio_block_read_bytes,magalhaes_truncated_exponential_inspired,14,20,0.05,0.07142857142857142,612236,35060,0.05726549892525105,20,17.46284834136741,20.0,0.08130410287506966,0.6208539028657845,0.07170859196341065,0.06925841228356747,0.06719806605468623,0.06770331411397677,0.06541605755959722
minio_block_read_bytes,fixed_slow_boundary,14,20,0.05,0.07142857142857142,612236,30612,0.05000032667141429,20,20.0,20.0,0.08315215832558279,0.5912303861844183,0.04867690297288468,0.04941195687683764,0.04994936460749404,0.04926253205494667,0.04959696848432383
minio_block_read_bytes,fixed_fast_boundary,14,20,0.05,0.07142857142857142,612236,43732,0.0714299714489184,14,14.0,14.0,0.08073323792203158,0.629527698002696,0.07105521071545247,0.07285200914733747,0.07167358139230995,0.07160707577217712,0.07135332021201009
minio_block_read_bytes,omniflow,13,20,0.05,0.07692307692307693,612236,45184,0.07380160591667266,20,13.549830688533298,16.0,0.08040056933332088,0.641498817402189,0.07628226069911793,0.07407709898725906,0.0772271405703832,0.07768322362510821,0.0765065701895514
minio_block_read_bytes,huang_wavelet_rate_inspired,13,20,0.05,0.07692307692307693,612236,47831,0.07812510208481696,16,12.8,16.0,0.08138450584504375,0.6298052851416066,0.08461287161058477,0.0875530872263966,0.08271536375812616,0.07964327131960211,0.07802559474711508
minio_block_read_bytes,magalhaes_truncated_exponential_inspired,13,20,0.05,0.07692307692307693,612236,35831,0.058524817227343706,20,17.087077867708626,20.0,0.08144331526825377,0.6223739605975678,0.07301535445932701,0.07407709898725906,0.0737643330828787,0.07048004834784313,0.06815193512295116
minio_block_read_bytes,fixed_slow_boundary,13,20,0.05,0.07692307692307693,612236,30612,0.05000032667141429,20,20.0,20.0,0.08315215832558279,0.5912303861844183,0.04867690297288468,0.04941195687683764,0.04994936460749404,0.04926253205494667,0.04959696848432383
minio_block_read_bytes,fixed_fast_boundary,13,20,0.05,0.07692307692307693,612236,47096,0.07692458463729673,13,13.0,13.0,0.08071735192858548,0.62117755074418,0.07268866383534793,0.07375040836327998,0.07650844467675019,0.07771589108668311,0.07726608246833323
minio_block_read_bytes,omniflow,12,20,0.05,0.08333333333333333,612236,48483,0.07919005089540634,20,12.627965017944804,16.0,0.0781032125211101,0.6417885704578422,0.0811826200588043,0.08248938255472069,0.08297670771944726,0.08112964082125998,0.08192115772538322
minio_block_read_bytes,huang_wavelet_rate_inspired,12,20,0.05,0.08333333333333333,612236,57397,0.09374979583036606,13,10.666666666666666,13.0,0.0792413773029062,0.6279475652696378,0.08787977785037569,0.09457693564194708,0.09408382607559374,0.09396795322019502,0.09360784666018768
minio_block_read_bytes,magalhaes_truncated_exponential_inspired,12,20,0.05,0.08333333333333333,612236,36398,0.05945093068685932,20,16.820836882160616,20.0,0.07899912704875255,0.6153784927969927,0.07236197321136884,0.07309702711532179,0.07356832511188788,0.07717687797069729,0.0714676553937622
minio_block_read_bytes,fixed_slow_boundary,12,20,0.05,0.08333333333333333,612236,30612,0.05000032667141429,20,20.0,20.0,0.08315215832558279,0.5912303861844183,0.04867690297288468,0.04941195687683764,0.04994936460749404,0.04926253205494667,0.04959696848432383
minio_block_read_bytes,fixed_fast_boundary,12,20,0.05,0.08333333333333333,612236,51020,0.08333387778569049,12,12.0,12.0,0.07863310972496854,0.6354716648896004,0.0800392028748775,0.08240770989872591,0.08376073960341054,0.08300801986181663,0.08317067792595981
minio_block_read_bytes,omniflow,11,20,0.05,0.09090909090909091,612236,52083,0.08507013635264833,20,11.754963327061173,15.0,0.0799325863806532,0.6350106897217049,0.08689970597843842,0.09384188173799413,0.09561922184835517,0.09328193652712216,0.09052896355157741
minio_block_read_bytes,huang_wavelet_rate_inspired,11,20,0.05,0.09090909090909091,612236,57398,0.09375142918743752,13,10.666672474171124,13.0,0.0792413773029062,0.6279475652696378,0.08787977785037569,0.09457693564194708,0.09408382607559374,0.09396795322019502,0.09360784666018768
minio_block_read_bytes,magalhaes_truncated_exponential_inspired,11,20,0.05,0.09090909090909091,612236,37297,0.060919318694098355,20,16.41554054054054,20.0,0.08178774575872715,0.6332631402085959,0.08820646847435479,0.09857889578569096,0.09274443827382313,0.08163598647567091,0.07493037804111166
minio_block_read_bytes,fixed_slow_boundary,11,20,0.05,0.09090909090909091,612236,30612,0.05000032667141429,20,20.0,20.0,0.08315215832558279,0.5912303861844183,0.04867690297288468,0.04941195687683764,0.04994936460749404,0.04926253205494667,0.04959696848432383
minio_block_read_bytes,fixed_fast_boundary,11,20,0.05,0.09090909090909091,612236,55658,0.0909093878831039,11,11.0,11.0,0.08054120464858575,0.6205947924319383,0.09572035282587389,0.08975824893825547,0.09127437849139199,0.0913708900249906,0.09103530507076531
minio_block_read_bytes,omniflow,10,20,0.05,0.1,612236,56696,0.09260481252327533,20,10.798730046741335,15.0,0.0778287731765933,0.6410060295629625,0.09833387781770664,0.09996733093760209,0.1005520891182908,0.09981542884210183,0.09914493617646819
minio_block_read_bytes,huang_wavelet_rate_inspired,10,20,0.05,0.1,612236,66964,0.10937612293298662,11,9.142884876722967,11.0,0.07875180702621444,0.6510230878497383,0.11826200588043123,0.12038549493629533,0.11512201496194178,0.1117717197785146,0.10960660530678579
minio_block_read_bytes,magalhaes_truncated_exponential_inspired,10,20,0.05,0.1,612236,38054,0.06215576999719063,20,16.088876041310805,20.0,0.07963710195555049,0.6139455719297495,0.09392355439398889,0.0896765762822607,0.08356473163241972,0.0797412737043268,0.0759593946768806
minio_block_read_bytes,fixed_slow_boundary,10,20,0.05,0.1,612236,30612,0.05000032667141429,20,20.0,20.0,0.08315215832558279,0.5912303861844183,0.04867690297288468,0.04941195687683764,0.04994936460749404,0.04926253205494667,0.04959696848432383
minio_block_read_bytes,fixed_fast_boundary,10,20,0.05,0.1,612236,61224,0.10000065334282858,10,10.0,10.0,0.07829724958026714,0.6386463414741802,0.10274420124142437,0.09931394968964391,0.09940870928751103,0.09986443003446417,0.09988811485785687
minio_block_read_bytes,omniflow,9,20,0.05,0.1111111111111111,612236,61902,0.10110806943727582,20,9.890341028416342,14.0,0.07934485502537579,0.6493395396745534,0.10601110748121528,0.10895132309702711,0.10933977981771259,0.11048135504630613,0.10989244326116605
minio_block_read_bytes,huang_wavelet_rate_inspired,9,20,0.05,0.1111111111111111,612236,76530,0.12500081667853571,11,8.00003920082583,9.0,0.07793354341614302,0.6520094038714643,0.12365240117608625,0.1258575628879451,0.12675182124073045,0.12596573183280793,0.12469884929806366
minio_block_read_bytes,magalhaes_truncated_exponential_inspired,9,20,0.05,0.1111111111111111,612236,39313,0.06421216655015387,20,15.573743386243386,20.0,0.0822938096909986,0.6122425148384446,0.09604704344985299,0.0980888598497223,0.09506386593054784,0.09197523806412623,0.08317067792595981
minio_block_read_bytes,fixed_slow_boundary,9,20,0.05,0.1111111111111111,612236,30612,0.05000032667141429,20,20.0,20.0,0.08315215832558279,0.5912303861844183,0.04867690297288468,0.04941195687683764,0.04994936460749404,0.04926253205494667,0.04959696848432383
minio_block_read_bytes,fixed_fast_boundary,9,20,0.05,0.1111111111111111,612236,68027,0.11111238149994447,9,9.0,9.0,0.07896091683748528,0.6466486516555764,0.11123815746488076,0.11254491996079713,0.11234523537290517,0.11015468043055715,0.1094922701250337
minio_block_read_bytes,omniflow,8,20,0.05,0.125,612236,68232,0.11144721969959297,20,8.972798288168134,13.0,0.07730029171918769,0.6865079498357192,0.1231623652401176,0.12242731133616465,0.12567377740028093,0.12447936233115006,0.12268165002000865
minio_block_read_bytes,huang_wavelet_rate_inspired,8,20,0.05,0.125,612236,76530,0.12500081667853571,11,8.00003920082583,9.0,0.07793354341614302,0.6520094038714643,0.12365240117608625,0.1258575628879451,0.12675182124073045,0.12596573183280793,0.12469884929806366
minio_block_read_bytes,magalhaes_truncated_exponential_inspired,8,20,0.05,0.125,612236,40691,0.06646293259462037,20,15.046301302531335,20.0,0.08071533703841541,0.6404248973252025,0.09719046063377981,0.09768049656974845,0.09829799745189638,0.09416395798964441,0.08722957687815953
minio_block_read_bytes,fixed_slow_boundary,8,20,0.05,0.125,612236,30612,0.05000032667141429,20,20.0,20.0,0.08315215832558279,0.5912303861844183,0.04867690297288468,0.04941195687683764,0.04994936460749404,0.04926253205494667,0.04959696848432383
minio_block_read_bytes,fixed_fast_boundary,8,20,0.05,0.125,612236,76530,0.12500081667853571,8,8.0,8.0,0.07753072287316778,0.6905180689372921,0.12691930741587718,0.12781770663181966,0.12364836170004247,0.12503470917792334,0.1235554974805426
minio_block_read_bytes,omniflow,7,20,0.05,0.14285714285714285,612236,76348,0.12470354569153072,20,8.019005330923285,13.0,0.07730210486988565,0.6547127663353478,0.1430904933028422,0.1403952956550147,0.14377184672176668,0.14153177727324698,0.1414244530286573
minio_block_read_bytes,huang_wavelet_rate_inspired,7,20,0.05,0.14285714285714285,612236,95662,0.15625020416963392,11,6.400048086472021,7.0,0.07669495793372624,0.6621412771463895,0.1515844495262986,0.15550473701404768,0.1570350527588122,0.15706515525211112,0.156190025072072
minio_block_read_bytes,magalhaes_truncated_exponential_inspired,7,20,0.05,0.14285714285714285,612236,41771,0.06822695823179296,20,14.657098395977975,20.0,0.08229648799410184,0.6056173907415173,0.10454099967330938,0.10421430904933028,0.10404756460096044,0.09645068029988729,0.09074946711638505
minio_block_read_bytes,fixed_slow_boundary,7,20,0.05,0.14285714285714285,612236,30612,0.05000032667141429,20,20.0,20.0,0.08315215832558279,0.5912303861844183,0.04867690297288468,0.04941195687683764,0.04994936460749404,0.04926253205494667,0.04959696848432383
minio_block_read_bytes,fixed_fast_boundary,7,20,0.05,0.14285714285714285,612236,87463,0.14285830954076534,7,7.0,7.0,0.07723864694072764,0.6441699533785962,0.14325383861483176,0.14382554720679516,0.14292247884747314,0.14215245904317006,0.14237996847615703
minio_block_read_bytes,omniflow,6,20,0.05,0.16666666666666666,612236,86919,0.14196976329389321,20,7.043742377873398,12.0,0.07772398208061429,0.64654305697351,0.17053250571708592,0.16808232603724274,0.16712946326483943,0.16189993956519608,0.15993858567380173
minio_block_read_bytes,huang_wavelet_rate_inspired,6,20,0.05,0.16666666666666666,612236,105228,0.17187489791518304,11,5.818231062369924,7.0,0.07455400481289952,0.6703009465377495,0.16383534792551455,0.17355439398889252,0.1719969945444448,0.17191251653790243,0.17190294576428986
minio_block_read_bytes,magalhaes_truncated_exponential_inspired,6,20,0.05,0.16666666666666666,612236,42661,0.0696806460253889,20,14.351101734646038,20.0,0.08220326290957335,0.5923669198870591,0.1174452793204835,0.11589349885658282,0.11110385155662997,0.10610391519526975,0.09466136369204635
minio_block_read_bytes,fixed_slow_boundary,6,20,0.05,0.16666666666666666,612236,30612,0.05000032667141429,20,20.0,20.0,0.08315215832558279,0.5912303861844183,0.04867690297288468,0.04941195687683764,0.04994936460749404,0.04926253205494667,0.04959696848432383
minio_block_read_bytes,fixed_fast_boundary,6,20,0.05,0.16666666666666666,612236,102040,0.16666775557138097,6,6.0,6.0,0.07769846756258511,0.648016749710541,0.16416203854949363,0.16489709245344658,0.16716213126000457,0.16515035199189848,0.16538584040441986
minio_block_read_bytes,omniflow,5,20,0.05,0.2,612236,100826,0.16468486008663327,20,6.0721646417059265,11.0,0.07748109788403242,0.6450242507212799,0.18735707285200914,0.19364586736360667,0.1955832870536735,0.19558009244891625,0.1939451354463564
minio_block_read_bytes,huang_wavelet_rate_inspired,5,20,0.05,0.2,612236,124361,0.2031259187633527,6,4.923086201350917,6.0,0.07735441138543672,0.6687103876847492,0.22508983992159426,0.22508983992159426,0.21534742412858124,0.20781405680871567,0.20389229625878952
minio_block_read_bytes,magalhaes_truncated_exponential_inspired,5,20,0.05,0.2,612236,44022,0.07190364499964066,20,13.907680425251584,20.0,0.08209054756967842,0.5933593312248139,0.13034955896765762,0.12577589023195035,0.11711476266701512,0.10803129542818875,0.09852425947552819
minio_block_read_bytes,fixed_slow_boundary,5,20,0.05,0.2,612236,30612,0.05000032667141429,20,20.0,20.0,0.08315215832558279,0.5912303861844183,0.04867690297288468,0.04941195687683764,0.04994936460749404,0.04926253205494667,0.04959696848432383
minio_block_read_bytes,fixed_fast_boundary,5,20,0.05,0.2,612236,122448,0.20000130668565716,5,5.0,5.0,0.07687557808243363,0.6555901192370985,0.20369160405096373,0.19870957203528258,0.19999346640096696,0.20016987080018947,0.19993956568964533
minio_block_read_bytes,omniflow,4,20,0.05,0.25,612236,120051,0.1960861497853769,20,5.099750104123282,10.0,0.0752921683477019,0.6716713171438377,0.24616138516824568,0.24681476641620387,0.24648002352095652,0.24518563285039935,0.24337060115805206
minio_block_read_bytes,huang_wavelet_rate_inspired,4,20,0.05,0.25,612236,153059,0.25,6,4.000019600412915,5.0,0.07503445557159158,0.6685716208103625,0.2466514211042143,0.24901992812806273,0.24915879912449773,0.24995508224033453,0.25002654209576386
minio_block_read_bytes,magalhaes_truncated_exponential_inspired,4,20,0.05,0.25,612236,46149,0.0753777954906278,20,13.266490422120135,20.0,0.0805015559713316,0.6104256285853067,0.11058477621692257,0.11475008167265599,0.12008755022704257,0.11384610358852065,0.1047228596862316
minio_block_read_bytes,fixed_slow_boundary,4,20,0.05,0.25,612236,30612,0.05000032667141429,20,20.0,20.0,0.08315215832558279,0.5912303861844183,0.04867690297288468,0.04941195687683764,0.04994936460749404,0.04926253205494667,0.04959696848432383
minio_block_read_bytes,fixed_fast_boundary,4,20,0.05,0.25,612236,153059,0.25,4,4.0,4.0,0.07519303842115659,0.6719938896045698,0.24828487422410978,0.24812152891212022,0.24896279115350692,0.2505267628178952,0.24981420532965282
minio_block_read_bytes,omniflow,3,20,0.05,0.3333333333333333,612236,151290,0.24711059134059415,20,4.046738361678641,9.0,0.07384709203398106,0.6954556904517917,0.33453119895459,0.33077425677883043,0.32958740322106433,0.3262172712869347,0.3154507664540577
minio_block_read_bytes,huang_wavelet_rate_inspired,3,20,0.05,0.3333333333333333,612236,208676,0.3408424202431742,5,2.933916377141488,3.0,0.07359387508605383,0.6990108667821235,0.33567461613851685,0.3420450833061091,0.3430139492339355,0.3434330235369061,0.34304637924979786
minio_block_read_bytes,magalhaes_truncated_exponential_inspired,3,20,0.05,0.3333333333333333,612236,47890,0.07822147015203287,20,12.784104909269352,20.0,0.08048848822028169,0.6417235536692013,0.14701078079059132,0.14815419797451812,0.13998235928261082,0.13328324322558516,0.11538869878396367
minio_block_read_bytes,fixed_slow_boundary,3,20,0.05,0.3333333333333333,612236,30612,0.05000032667141429,20,20.0,20.0,0.08315215832558279,0.5912303861844183,0.04867690297288468,0.04941195687683764,0.04994936460749404,0.04926253205494667,0.04959696848432383
minio_block_read_bytes,fixed_fast_boundary,3,20,0.05,0.3333333333333333,612236,204079,0.33333387778569046,3,3.0,3.0,0.07404359858292121,0.6970510987170976,0.33387781770663183,0.3320810192747468,0.3336382346215413,0.32932068013654997,0.32969366338089134
minio_block_read_bytes,omniflow,2,20,0.05,0.5,612236,208203,0.34006984234837545,20,2.9405769397027886,8.0,0.0750346972648348,0.6787235165105632,0.49019928128062723,0.49493629532832406,0.49129397928849106,0.4817960570373879,0.4662833715811739
minio_block_read_bytes,huang_wavelet_rate_inspired,2,20,0.05,0.5,612236,299640,0.48941911289110734,5,2.0432420345816134,3.0,0.0749143484418677,0.6822065969985592,0.5042469781117281,0.4971414570401829,0.4989709581522982,0.5002858402887803,0.4998897482175962
minio_block_read_bytes,magalhaes_truncated_exponential_inspired,2,20,0.05,0.5,612236,51591,0.08426652467349192,20,11.86729986431479,20.0,0.08270869551181673,0.6062430621212229,0.14390721986278993,0.14921594250245018,0.1454052464800235,0.13514528853535435,0.12081145311849208
minio_block_read_bytes,fixed_slow_boundary,2,20,0.05,0.5,612236,30612,0.05000032667141429,20,20.0,20.0,0.08315215832558279,0.5912303861844183,0.04867690297288468,0.04941195687683764,0.04994936460749404,0.04926253205494667,0.04959696848432383
minio_block_read_bytes,fixed_fast_boundary,2,20,0.05,0.5,612236,306118,0.5,2,2.0,2.0,0.07483212193356117,0.6786498154191162,0.4985298921920941,0.4968964390721986,0.5001470059782431,0.5004655113274423,0.5001429189771901
minio_block_read_bytes,omniflow,1,20,0.05,1.0,612236,353347,0.5771418211278004,20,1.7326784511498645,5.0,0.04525729566482702,0.8778009088752218,0.962593923554394,0.9661058477621692,0.962725817516579,0.9363474511213106,0.8918879188546881
minio_block_read_bytes,huang_wavelet_rate_inspired,1,20,0.05,1.0,612236,550508,0.8991761346931575,5,1.1121293643859207,2.0,0.0005360854872036266,0.9999828747679257,1.0,1.0,1.0,1.0,0.9998938316169445
minio_block_read_bytes,magalhaes_truncated_exponential_inspired,1,20,0.05,1.0,612236,57583,0.0940536002456569,20,10.632315654197493,20.0,0.08276457118188803,0.5984321251438958,0.1537079385821627,0.16056844168572362,0.1513508216000784,0.14576221354719632,0.1313792906318652
minio_block_read_bytes,fixed_slow_boundary,1,20,0.05,1.0,612236,30612,0.05000032667141429,20,20.0,20.0,0.08315215832558279,0.5912303861844183,0.04867690297288468,0.04941195687683764,0.04994936460749404,0.04926253205494667,0.04959696848432383
minio_block_read_bytes,fixed_fast_boundary,1,20,0.05,1.0,612236,612236,1.0,1,1.0,1.0,0.0,1.0,1.0,1.0,1.0,1.0,1.0
flink_memory_rss,omniflow,20,20,0.05,0.05,2329388,116470,0.050000257578385394,20,20.0,20.0,0.05998156639525326,0.6919309098724069,0.049800369209633794,0.05001395239015176,0.05015926984862925,0.04999613631094969,0.050126964842651604
flink_memory_rss,huang_wavelet_rate_inspired,20,20,0.05,0.05,2329388,145587,0.06250010732432724,22,16.00007555671562,21.0,0.05946329196132265,0.7007923805904168,0.06336667668398231,0.06257110352673492,0.06236852724759378,0.06253166078527334,0.06252294060449431
flink_memory_rss,magalhaes_truncated_exponential_inspired,20,20,0.05,0.05,2329388,116470,0.050000257578385394,20,20.0,20.0,0.05998156639525326,0.6919309098724069,0.049800369209633794,0.05001395239015176,0.05015926984862925,0.04999613631094969,0.050126964842651604
flink_memory_rss,fixed_slow_boundary,20,20,0.05,0.05,2329388,116470,0.050000257578385394,20,20.0,20.0,0.05998156639525326,0.6919309098724069,0.049800369209633794,0.05001395239015176,0.05015926984862925,0.04999613631094969,0.050126964842651604
flink_memory_rss,omniflow,19,20,0.05,0.05263157894736842,2329388,118026,0.05066824419117811,20,19.73626773988562,20.0,0.05987645771245897,0.690345616898381,0.05250504443395011,0.05263270869555885,0.05287243815951025,0.05257192901115318,0.051668144166807976
flink_memory_rss,huang_wavelet_rate_inspired,19,20,0.05,0.05263157894736842,2329388,145587,0.06250010732432724,22,16.00007555671562,21.0,0.05946329196132265,0.7007923805904168,0.06336667668398231,0.06257110352673492,0.06236852724759378,0.06253166078527334,0.06252294060449431
flink_memory_rss,magalhaes_truncated_exponential_inspired,19,20,0.05,0.05263157894736842,2329388,117360,0.050382332183388945,20,19.84835419524706,20.0,0.05817124204629484,0.7006379597311141,0.05160348602584468,0.051859960933307574,0.05165322961474727,0.051382771381225906,0.05085891769716041
flink_memory_rss,fixed_slow_boundary,19,20,0.05,0.05263157894736842,2329388,116470,0.050000257578385394,20,20.0,20.0,0.05998156639525326,0.6919309098724069,0.049800369209633794,0.05001395239015176,0.05015926984862925,0.04999613631094969,0.050126964842651604
flink_memory_rss,fixed_fast_boundary,19,20,0.05,0.05263157894736842,2329388,122600,0.05263185008251094,19,19.0,19.0,0.05991546965675475,0.6925527353766112,0.053363671489288625,0.05334106081095585,0.05250324120581442,0.052683546694828665,0.05262762488811425
flink_memory_rss,omniflow,18,20,0.05,0.05555555555555555,2329388,119607,0.051346963236695645,20,19.47536912863903,20.0,0.0597821588184003,0.6893860203338176,0.05628300347743957,0.0558095606070363,0.055345199151705604,0.05542247293271171,0.055617684496122366
flink_memory_rss,huang_wavelet_rate_inspired,18,20,0.05,0.05555555555555555,2329388,145587,0.06250010732432724,22,16.00007555671562,21.0,0.05946329196132265,0.7007923805904168,0.06336667668398231,0.06257110352673492,0.06236852724759378,0.06253166078527334,0.06252294060449431
flink_memory_rss,magalhaes_truncated_exponential_inspired,18,20,0.05,0.05555555555555555,2329388,118223,0.05075281576104968,20,19.70342237485409,20.0,0.05841392693868544,0.6998359958188767,0.05538144506933414,0.05430699551376993,0.05344769852922237,0.052614858889489906,0.053353138274694824
flink_memory_rss,fixed_slow_boundary,18,20,0.05,0.05555555555555555,2329388,116470,0.050000257578385394,20,20.0,20.0,0.05998156639525326,0.6919309098724069,0.049800369209633794,0.05001395239015176,0.05015926984862925,0.04999613631094969,0.050126964842651604
flink_memory_rss,fixed_fast_boundary,18,20,0.05,0.05555555555555555,2329388,129411,0.05555579405406055,18,18.0,18.0,0.058941572785638656,0.6973912631886693,0.05538144506933414,0.05531586064782021,0.055542676592054536,0.055224995492362774,0.055229169931119156
flink_memory_rss,omniflow,17,20,0.05,0.058823529411764705,2329388,121173,0.05201924282257829,20,19.223797576997985,20.0,0.05855228608350513,0.6986795843479247,0.05958871764049285,0.05849271255929766,0.058032609535584576,0.05829877478127227,0.055280685674545
flink_memory_rss,huang_wavelet_rate_inspired,17,20,0.05,0.058823529411764705,2329388,145587,0.06250010732432724,22,16.00007555671562,21.0,0.05946329196132265,0.7007923805904168,0.06336667668398231,0.06257110352673492,0.06236852724759378,0.06253166078527334,0.06252294060449431
flink_memory_rss,magalhaes_truncated_exponential_inspired,17,20,0.05,0.058823529411764705,2329388,119288,0.05121001739512696,20,19.527492518044717,20.0,0.05881907436302202,0.6984501825345589,0.056926973768943456,0.05589542146950866,0.05513913573568933,0.054692665000987385,0.05327157168093724
flink_memory_rss,fixed_slow_boundary,17,20,0.05,0.058823529411764705,2329388,116470,0.050000257578385394,20,20.0,20.0,0.05998156639525326,0.6919309098724069,0.049800369209633794,0.05001395239015176,0.05015926984862925,0.04999613631094969,0.050126964842651604
flink_memory_rss,fixed_fast_boundary,17,20,0.05,0.058823529411764705,2329388,137023,0.058823605170113355,17,17.0,17.0,0.05908597507490409,0.69261404023452,0.05860129652685356,0.058213664756262475,0.05889120710231907,0.058685143686302794,0.05869145718719748
flink_memory_rss,omniflow,16,20,0.05,0.0625,2329388,123050,0.05282503387155768,20,18.930482978325706,20.0,0.057827996890132814,0.7063802060559785,0.06276563774524535,0.06265696438920729,0.06163013334020211,0.06135967510668075,0.05765899582937127
flink_memory_rss,huang_wavelet_rate_inspired,16,20,0.05,0.0625,2329388,145587,0.06250010732432724,22,16.00007555671562,21.0,0.05946329196132265,0.7007923805904168,0.06336667668398231,0.06257110352673492,0.06236852724759378,0.06253166078527334,0.06252294060449431
flink_memory_rss,magalhaes_truncated_exponential_inspired,16,20,0.05,0.0625,2329388,120447,0.051707572976249554,20,19.33958786510137,20.0,0.058937026703558625,0.6968268722319964,0.05877302193792126,0.05905080816536802,0.05701946440683787,0.055641415312229006,0.054377013675283394
flink_memory_rss,fixed_slow_boundary,16,20,0.05,0.0625,2329388,116470,0.050000257578385394,20,20.0,20.0,0.05998156639525326,0.6919309098724069,0.049800369209633794,0.05001395239015176,0.05015926984862925,0.04999613631094969,0.050126964842651604
flink_memory_rss,fixed_fast_boundary,16,20,0.05,0.0625,2329388,145587,0.06250010732432724,16,16.0,16.0,0.05783529477402558,0.7119567568495137,0.06315201992014768,0.0626354991735892,0.0626003485906121,0.062535953773107,0.06262167911272717
flink_memory_rss,omniflow,15,20,0.05,0.06666666666666667,2329388,125156,0.05372913400429641,20,18.61194518796692,20.0,0.0560740642949504,0.7287283177497029,0.06572790108616322,0.06549037285079529,0.06515038336381354,0.0655796821471808,0.06116421287163779
flink_memory_rss,huang_wavelet_rate_inspired,15,20,0.05,0.06666666666666667,2329388,181983,0.07812481218242731,22,12.80009561385192,16.0,0.05442912828375739,0.748460232713249,0.079723522088181,0.07836950222164982,0.07813237857283913,0.07818818741467687,0.07831680894313306
flink_memory_rss,magalhaes_truncated_exponential_inspired,15,20,0.05,0.06666666666666667,2329388,121654,0.0522257348282038,20,19.147698782602976,20.0,0.05765326203915148,0.7101640521270748,0.06164942257330529,0.06059630368987057,0.058779589418643585,0.05716971898101641,0.05615645331278427
flink_memory_rss,fixed_slow_boundary,15,20,0.05,0.06666666666666667,2329388,116470,0.050000257578385394,20,20.0,20.0,0.05998156639525326,0.6919309098724069,0.049800369209633794,0.05001395239015176,0.05015926984862925,0.04999613631094969,0.050126964842651604
flink_memory_rss,fixed_fast_boundary,15,20,0.05,0.06666666666666667,2329388,155293,0.06666686700541086,15,15.0,15.0,0.05557598039745496,0.7297935735766099,0.0663718713776671,0.06727198574709684,0.06689333642428458,0.06672161691093767,0.06708208389768115
flink_memory_rss,omniflow,14,20,0.05,0.07142857142857142,2329388,127596,0.054776619438238715,20,18.256044515850935,20.0,0.05363069628342593,0.7514940805966949,0.07143777100416435,0.07089960718655419,0.06903124436545346,0.06981256815118186,0.06452346864086443
flink_memory_rss,huang_wavelet_rate_inspired,14,20,0.05,0.07142857142857142,2329388,181984,0.0781252414797363,16,12.800025277086322,16.0,0.05442912828375739,0.748460232713249,0.079723522088181,0.07836950222164982,0.07813237857283913,0.07818818741467687,0.07831895543244247
flink_memory_rss,magalhaes_truncated_exponential_inspired,14,20,0.05,0.07142857142857142,2329388,122935,0.052775664681023515,20,18.948264922641417,20.0,0.0568423110860942,0.718381426791159,0.06388185291718541,0.06297894262347865,0.06094325528681452,0.05911014948183637,0.057223258499561044
flink_memory_rss,fixed_slow_boundary,14,20,0.05,0.07142857142857142,2329388,116470,0.050000257578385394,20,20.0,20.0,0.05998156639525326,0.6919309098724069,0.049800369209633794,0.05001395239015176,0.05015926984862925,0.04999613631094969,0.050126964842651604
flink_memory_rss,fixed_fast_boundary,14,20,0.05,0.07142857142857142,2329388,166385,0.07142863275675843,14,14.0,14.0,0.05359934442035998,0.7510720706095905,0.07062207530159276,0.07100693326464465,0.07120349620929174,0.07143531755231006,0.07150170538575633
flink_memory_rss,omniflow,13,20,0.05,0.07692307692307693,2329388,130204,0.0558962268200918,20,17.89036350928934,20.0,0.052814644720081995,0.7582841144642735,0.07706177821663161,0.07493506772275528,0.0740025242768462,0.0744704599507165,0.06742552218718674
flink_memory_rss,huang_wavelet_rate_inspired,13,20,0.05,0.07692307692307693,2329388,181984,0.0781252414797363,16,12.800025277086322,16.0,0.05442912828375739,0.748460232713249,0.079723522088181,0.07836950222164982,0.07813237857283913,0.07818818741467687,0.07831895543244247
flink_memory_rss,magalhaes_truncated_exponential_inspired,13,20,0.05,0.07692307692307693,2329388,124035,0.053247891720915534,20,18.780189302933067,20.0,0.05598105381994878,0.7273232405188431,0.06615721461383248,0.06529718591023247,0.06321853883866094,0.060865981505808416,0.05849183368142235
flink_memory_rss,fixed_slow_boundary,13,20,0.05,0.07692307692307693,2329388,116470,0.050000257578385394,20,20.0,20.0,0.05998156639525326,0.6919309098724069,0.049800369209633794,0.05001395239015176,0.05015926984862925,0.04999613631094969,0.050126964842651604
flink_memory_rss,fixed_fast_boundary,13,20,0.05,0.07692307692307693,2329388,179184,0.07692320901455661,13,13.0,13.0,0.05257002959527563,0.7615144399321777,0.07667539604172928,0.07712451971580055,0.077059131614421,0.07687024014973942,0.07704179429334353
flink_memory_rss,omniflow,12,20,0.05,0.08333333333333333,2329388,133383,0.05726096296537975,20,17.46394565983416,20.0,0.052118213882211835,0.7645276804510698,0.08367320654273816,0.08131023676132827,0.07944603284994291,0.08008139504932643,0.07288404450101636
flink_memory_rss,huang_wavelet_rate_inspired,12,20,0.05,0.08333333333333333,2329388,218380,0.09374994633783637,15,10.666717037810413,13.0,0.050420457539291245,0.7791675787255646,0.09479242690937191,0.09397471397600189,0.09375885428740695,0.09363006465239677,0.09363415665508278
flink_memory_rss,magalhaes_truncated_exponential_inspired,12,20,0.05,0.08333333333333333,2329388,124945,0.05363855227209894,20,18.64336022538097,20.0,0.05541061680988417,0.7333079842718407,0.07027862447945735,0.06855989868418229,0.06583726141720114,0.06303823334964669,0.06241561613902382
flink_memory_rss,fixed_slow_boundary,12,20,0.05,0.08333333333333333,2329388,116470,0.050000257578385394,20,20.0,20.0,0.05998156639525326,0.6919309098724069,0.049800369209633794,0.05001395239015176,0.05015926984862925,0.04999613631094969,0.050126964842651604
flink_memory_rss,fixed_fast_boundary,12,20,0.05,0.08333333333333333,2329388,194116,0.08333347643243633,12,12.0,12.0,0.05288985162908063,0.7623542509895647,0.08259992272356502,0.08328503659819263,0.08316376031390327,0.08327537799757875,0.08297683723386216
flink_memory_rss,omniflow,11,20,0.05,0.09090909090909091,2329388,136828,0.05873989219485977,20,17.024249599859676,20.0,0.05075995841275322,0.7788248465953419,0.09006997810501009,0.08800738403417262,0.08564510728176597,0.08705320729121054,0.07704608727196234
flink_memory_rss,huang_wavelet_rate_inspired,11,20,0.05,0.09090909090909091,2329388,218380,0.09374994633783637,15,10.666717037810413,13.0,0.050420457539291245,0.7791675787255646,0.09479242690937191,0.09397471397600189,0.09375885428740695,0.09363006465239677,0.09363415665508278
flink_memory_rss,magalhaes_truncated_exponential_inspired,11,20,0.05,0.09090909090909091,2329388,126962,0.05450444494433731,20,18.34724836760895,20.0,0.05532212359142109,0.7368861228671563,0.07534452410595457,0.07177968102689591,0.06865346143609029,0.06504735165580541,0.06161282913730448
flink_memory_rss,fixed_slow_boundary,11,20,0.05,0.09090909090909091,2329388,116470,0.050000257578385394,20,20.0,20.0,0.05998156639525326,0.6919309098724069,0.049800369209633794,0.05001395239015176,0.05015926984862925,0.04999613631094969,0.050126964842651604
flink_memory_rss,fixed_fast_boundary,11,20,0.05,0.09090909090909091,2329388,211763,0.09090928604423136,11,11.0,11.0,0.05032963046788458,0.78101360890128,0.09161550680461941,0.09114130551441389,0.09105427195219329,0.09101134207385657,0.09102187916553081
flink_memory_rss,omniflow,10,20,0.05,0.1,2329388,140431,0.06028665039916064,20,16.587445702485223,20.0,0.04864855094292047,0.7943292680240005,0.09955780706650066,0.09622856161590143,0.09284015489100104,0.09483639423365874,0.08110509855605665
flink_memory_rss,huang_wavelet_rate_inspired,10,20,0.05,0.1,2329388,254777,0.10937508049324543,11,9.142882375105975,11.0,0.048623877434527236,0.7958107316934562,0.10973253767226206,0.10947259965226351,0.10938533000197477,0.109552756527488,0.10941943903648388
flink_memory_rss,magalhaes_truncated_exponential_inspired,10,20,0.05,0.1,2329388,129233,0.05547937913305984,20,18.024792621022655,20.0,0.05423376228805918,0.7431109570562379,0.07860730691624093,0.07521411552579045,0.0716156230413243,0.06751581966016708,0.06449127130122329
flink_memory_rss,fixed_slow_boundary,10,20,0.05,0.1,2329388,116470,0.050000257578385394,20,20.0,20.0,0.05998156639525326,0.6919309098724069,0.049800369209633794,0.05001395239015176,0.05015926984862925,0.04999613631094969,0.050126964842651604
flink_memory_rss,fixed_fast_boundary,10,20,0.05,0.1,2329388,232939,0.1000000858594618,10,10.0,10.0,0.04893751042470689,0.7919663604693573,0.09942901300819988,0.10039281344581107,0.10005237445157081,0.10000085859756673,0.10004786671159985
flink_memory_rss,omniflow,9,20,0.05,0.1111111111111111,2329388,144655,0.062100002232346005,20,16.10313575843046,20.0,0.04832823968960746,0.7978784119108465,0.1108058214914352,0.1066606564062936,0.10128016897200114,0.10392894246537705,0.08635111842825467
flink_memory_rss,huang_wavelet_rate_inspired,9,20,0.05,0.1111111111111111,2329388,291173,0.12499978535134551,11,8.00003777835781,9.0,0.04666873816598483,0.8170386850175283,0.12626110848752845,0.12559297658144977,0.12476281242218959,0.1251835252298895,0.12520042843926615
flink_memory_rss,magalhaes_truncated_exponential_inspired,9,20,0.05,0.1111111111111111,2329388,130872,0.05618299742249896,20,17.799092235865853,20.0,0.054074519084944775,0.748606107713632,0.08354441248443739,0.0793354369244639,0.07452626879255424,0.0699928736401961,0.06601098573228556
flink_memory_rss,fixed_slow_boundary,9,20,0.05,0.1111111111111111,2329388,116470,0.050000257578385394,20,20.0,20.0,0.05998156639525326,0.6919309098724069,0.049800369209633794,0.05001395239015176,0.05015926984862925,0.04999613631094969,0.050126964842651604
flink_memory_rss,fixed_fast_boundary,9,20,0.05,0.1111111111111111,2329388,258821,0.11111115881081211,9,9.0,9.0,0.04767645625063319,0.8053108837846392,0.11093461554973597,0.1113615386266555,0.11094797757343156,0.1105659016562347,0.11104862442232606
flink_memory_rss,omniflow,8,20,0.05,0.125,2329388,150421,0.06457533051599819,20,15.48584629703497,20.0,0.04583997671420513,0.82108276591381,0.12407160949641523,0.11805868589949986,0.11128283062445801,0.11386291631249518,0.0944326506781833
flink_memory_rss,huang_wavelet_rate_inspired,8,20,0.05,0.125,2329388,291174,0.1250002146486545,9,8.000010303153108,9.0,0.04666873816598483,0.8170386850175283,0.12626110848752845,0.12559297658144977,0.12476281242218959,0.1251835252298895,0.12520472141788497
flink_memory_rss,magalhaes_truncated_exponential_inspired,8,20,0.05,0.125,2329388,135158,0.058022965688841875,20,17.234667830744986,20.0,0.05323949893102822,0.7535874556515024,0.09122912462971708,0.08577500160989117,0.08007280907365909,0.07462071452489503,0.07112821624591899
flink_memory_rss,fixed_slow_boundary,8,20,0.05,0.125,2329388,116470,0.050000257578385394,20,20.0,20.0,0.05998156639525326,0.6919309098724069,0.049800369209633794,0.05001395239015176,0.05015926984862925,0.04999613631094969,0.050126964842651604
flink_memory_rss,fixed_fast_boundary,8,20,0.05,0.125,2329388,291174,0.1250002146486545,8,8.0,8.0,0.045510033376092905,0.8234069002520796,0.12548834413772378,0.12535685920965076,0.12502039169220994,0.12488301608153242,0.12498577950832516
flink_memory_rss,omniflow,7,20,0.05,0.14285714285714285,2329388,156698,0.06727002972454567,20,14.86551114571434,20.0,0.04369335587776573,0.8335402400497979,0.14060018031168162,0.13224719342305793,0.12334612643707768,0.12631258103014537,0.10296494568308802
flink_memory_rss,huang_wavelet_rate_inspired,7,20,0.05,0.14285714285714285,2329388,363967,0.15625005366216363,8,6.400012638543161,7.0,0.04256197476144574,0.8425887844293419,0.1567853003048126,0.15710391310880717,0.15606727970532933,0.15618748336467214,0.15616997619543355
flink_memory_rss,magalhaes_truncated_exponential_inspired,7,20,0.05,0.14285714285714285,2329388,137821,0.05916618442268957,20,16.901661587578,20.0,0.052188046646039515,0.763933266815174,0.09633795560898124,0.09105544465194153,0.08402235788063776,0.07724373009126892,0.07425565116972935
flink_memory_rss,fixed_slow_boundary,7,20,0.05,0.14285714285714285,2329388,116470,0.050000257578385394,20,20.0,20.0,0.05998156639525326,0.6919309098724069,0.049800369209633794,0.05001395239015176,0.05015926984862925,0.04999613631094969,0.050126964842651604
flink_memory_rss,fixed_fast_boundary,7,20,0.05,0.14285714285714285,2329388,332770,0.14285726551351685,7,7.0,7.0,0.043335978622531385,0.8355635579851364,0.14188812089468938,0.14207826217614355,0.1426731576642712,0.1428405841897844,0.14285101003054454
flink_memory_rss,omniflow,6,20,0.05,0.16666666666666666,2329388,165620,0.07110022031537898,20,14.064696683351547,20.0,0.040781696901098057,0.8557975802737285,0.16249517022281373,0.1513727005387769,0.13894684422464346,0.14392671011170355,0.11647924237513335
flink_memory_rss,huang_wavelet_rate_inspired,6,20,0.05,0.16666666666666666,2329388,400364,0.1718751878175727,7,5.818187494848425,7.0,0.04087809889213619,0.8566288295888072,0.17254110677027434,0.171700259729109,0.17192557676291545,0.17175385724956854,0.17178997890001008
flink_memory_rss,magalhaes_truncated_exponential_inspired,6,20,0.05,0.16666666666666666,2329388,138770,0.05957358756892368,20,16.78605452226362,20.0,0.05084791877326204,0.7767017544130145,0.10367921693212553,0.0965290746345547,0.08846989327632246,0.0813177755454241,0.07891353297114903
flink_memory_rss,fixed_slow_boundary,6,20,0.05,0.16666666666666666,2329388,116470,0.050000257578385394,20,20.0,20.0,0.05998156639525326,0.6919309098724069,0.049800369209633794,0.05001395239015176,0.05015926984862925,0.04999613631094969,0.050126964842651604
flink_memory_rss,fixed_fast_boundary,6,20,0.05,0.16666666666666666,2329388,388232,0.16666695286487265,6,6.0,6.0,0.04049381706774021,0.8581559557386884,0.16640192332460396,0.1664627471182948,0.16648206818981875,0.1664434312993157,0.16589786574567966
flink_memory_rss,omniflow,5,20,0.05,0.2,2329388,176955,0.07596630531281177,20,13.163788329170293,20.0,0.037602590336322544,0.8772465318425098,0.19297643068733095,0.17633674630261661,0.15945874009393057,0.16732778679305224,0.13313170643753608
flink_memory_rss,huang_wavelet_rate_inspired,5,20,0.05,0.2,2329388,473157,0.2031250268310818,6,4.9230845640761185,6.0,0.036906782085449376,0.8833745300177792,0.20400978834843086,0.20327559190332067,0.2031785281920511,0.2032558019730572,0.20301281239468788
flink_memory_rss,magalhaes_truncated_exponential_inspired,5,20,0.05,0.2,2329388,147089,0.06314491188243436,20,15.836676003480909,20.0,0.05002126929832114,0.7848723388662482,0.11608637788176705,0.10657479554382124,0.09570787076389425,0.0868256789360259,0.0840372029527107
flink_memory_rss,fixed_slow_boundary,5,20,0.05,0.2,2329388,116470,0.050000257578385394,20,20.0,20.0,0.05998156639525326,0.6919309098724069,0.049800369209633794,0.05001395239015176,0.05015926984862925,0.04999613631094969,0.050126964842651604
flink_memory_rss,fixed_fast_boundary,5,20,0.05,0.2,2329388,465878,0.2000001717189236,5,5.0,5.0,0.03683083237234368,0.8834246407806045,0.20014596659940756,0.20074269646038595,0.20013050683014363,0.20013479981797733,0.1998810844922587
flink_memory_rss,omniflow,4,20,0.05,0.25,2329388,191530,0.08222331359138109,20,12.162043345916285,20.0,0.033579305929738554,0.9024983624697505,0.2377109002704675,0.21317105630326055,0.18800710918785257,0.19930196017824486,0.1534954505159087
flink_memory_rss,huang_wavelet_rate_inspired,4,20,0.05,0.25,2329388,582347,0.25,5,4.000005151576554,5.0,0.03279068053777406,0.9075587836887586,0.2507620315116129,0.2500053663039045,0.2497746181387322,0.24984330594407095,0.24989857838013038
flink_memory_rss,magalhaes_truncated_exponential_inspired,4,20,0.05,0.25,2329388,159148,0.06832180813157791,20,14.636700660395734,20.0,0.04949570975241823,0.7889796016525743,0.1255312754904907,0.11483890355678623,0.104139298869227,0.094046484472263,0.09586865202617859
flink_memory_rss,fixed_slow_boundary,4,20,0.05,0.25,2329388,116470,0.050000257578385394,20,20.0,20.0,0.05998156639525326,0.6919309098724069,0.049800369209633794,0.05001395239015176,0.05015926984862925,0.04999613631094969,0.050126964842651604
flink_memory_rss,fixed_fast_boundary,4,20,0.05,0.25,2329388,582347,0.25,4,4.0,4.0,0.032456993753745306,0.909083075909561,0.24986047310350748,0.24953313156030651,0.2502039169220994,0.24990770076157603,0.2500123423135291
flink_memory_rss,omniflow,3,20,0.05,0.3333333333333333,2329388,208169,0.08936639151571142,20,11.189928327120402,20.0,0.028994416875737894,0.9274070776473889,0.3060576138754132,0.2648592955116234,0.22690157896092522,0.24489778395968026,0.17865015873288442
flink_memory_rss,huang_wavelet_rate_inspired,3,20,0.05,0.3333333333333333,2329388,629131,0.2700842453039167,5,3.7025527315499183,5.0,0.026165870237979703,0.9409743501396423,0.3449963508350148,0.3432073325176551,0.3419278949763456,0.3427306837012424,0.3190606104186298
flink_memory_rss,magalhaes_truncated_exponential_inspired,3,20,0.05,0.3333333333333333,2329388,160155,0.06875411052173361,20,14.54465701762054,20.0,0.049353972067646815,0.7939144332859756,0.14261795389172713,0.1280614763775302,0.11415054649735122,0.10206149275772952,0.09659845839137798
flink_memory_rss,fixed_slow_boundary,3,20,0.05,0.3333333333333333,2329388,116470,0.050000257578385394,20,20.0,20.0,0.05998156639525326,0.6919309098724069,0.049800369209633794,0.05001395239015176,0.05015926984862925,0.04999613631094969,0.050126964842651604
flink_memory_rss,fixed_fast_boundary,3,20,0.05,0.3333333333333333,2329388,776463,0.3333334764324363,3,3.0,3.0,0.026196102171318587,0.9410199737123529,0.33349074829347874,0.33348358984265997,0.3330585821119783,0.33289544857429876,0.33326607666830516
flink_memory_rss,omniflow,2,20,0.05,0.5,2329388,238625,0.10244107035839456,20,9.761746513343168,20.0,0.02472298985248731,0.9473207448151733,0.4150173871978706,0.34694228003520294,0.2875872549777194,0.3250221088873434,0.22751284137229355
flink_memory_rss,huang_wavelet_rate_inspired,2,20,0.05,0.5,2329388,728576,0.3127757161967006,5,3.197182170675634,5.0,0.019830048288847057,0.9660784454467115,0.4999356029708496,0.49872281967072357,0.4914526612231581,0.49520043960195415,0.43566220268439954
flink_memory_rss,magalhaes_truncated_exponential_inspired,2,20,0.05,0.5,2329388,195893,0.08409633775051645,20,11.891179833785964,20.0,0.04798256503805034,0.8047122576065368,0.17086678401236424,0.14909738768325928,0.13218968137444298,0.11765791755746165,0.13086286723748972
flink_memory_rss,fixed_slow_boundary,2,20,0.05,0.5,2329388,116470,0.050000257578385394,20,20.0,20.0,0.05998156639525326,0.6919309098724069,0.049800369209633794,0.05001395239015176,0.05015926984862925,0.04999613631094969,0.050126964842651604
flink_memory_rss,fixed_fast_boundary,2,20,0.05,0.5,2329388,1164694,0.5,2,2.0,2.0,0.01962811166106688,0.9667780699860291,0.5000214656763835,0.4991521239830854,0.49999570701216633,0.49969090487597556,0.49978213133509486
flink_memory_rss,omniflow,1,20,0.05,1.0,2329388,300227,0.12888664318696585,20,7.758775056124386,20.0,0.021592101564653843,0.96002304591974,0.6075645043575323,0.4943009852533969,0.3922245404356524,0.49743279327546386,0.33067097109322846
flink_memory_rss,huang_wavelet_rate_inspired,1,20,0.05,1.0,2329388,1013753,0.4352014348833256,5,2.2977878218735945,5.0,0.009410736896766981,0.9923883883235106,0.8232945520113338,0.7792517225835534,0.7526723849264612,0.8598081893035915,0.745894302573426
flink_memory_rss,magalhaes_truncated_exponential_inspired,1,20,0.05,1.0,2329388,238125,0.10222642170389819,20,9.782243704960441,20.0,0.04430349740476591,0.8341655708047828,0.26978062078736104,0.22866894197952217,0.1923086829971924,0.15921403978741125,0.1808116734674603
flink_memory_rss,fixed_slow_boundary,1,20,0.05,1.0,2329388,116470,0.050000257578385394,20,20.0,20.0,0.05998156639525326,0.6919309098724069,0.049800369209633794,0.05001395239015176,0.05015926984862925,0.04999613631094969,0.050126964842651604
flink_memory_rss,fixed_fast_boundary,1,20,0.05,1.0,2329388,2329388,1.0,1,1.0,1.0,0.0,1.0,1.0,1.0,1.0,1.0,1.0
